instance_name,family,n_variables,n_quadratic_terms,qubo_json,p,gamma,beta,topology,topology_n_directed_edges,topology_n_undirected_edges,topology_is_connected,optimization_level,seed_transpiler,pre_transpile_n_qubits,pre_transpile_depth,pre_transpile_gate_count,pre_transpile_2q_count,pre_transpile_ops_json,transpiled_n_qubits,transpiled_depth,transpiled_gate_count,transpiled_2q_count,swap_count,cx_count,transpilation_time_sec,transpiled_ops_json,depth_overhead,twoq_overhead,failure_flag,failure_message
maxcut_n8_p0.30_seed101,maxcut,8,6,data/instances_rq1_extended/maxcut_n8_p0.30_seed101.json,1,0.7,0.3,line,14,7,True,1,123,8,14,36,12,"{""barrier"": 2, ""cx"": 12, ""h"": 8, ""rx"": 8, ""rz"": 6}",8,22,86,14,2,12,0.018360499991104007,"{""barrier"": 2, ""cx"": 12, ""rz"": 46, ""swap"": 2, ""sx"": 24}",1.5714285714285714,1.1666666666666667,False,
maxcut_n8_p0.30_seed101,maxcut,8,6,data/instances_rq1_extended/maxcut_n8_p0.30_seed101.json,1,0.7,0.3,grid_2d,20,10,True,1,123,8,14,36,12,"{""barrier"": 2, ""cx"": 12, ""h"": 8, ""rx"": 8, ""rz"": 6}",8,21,85,13,1,12,0.002048750058747828,"{""barrier"": 2, ""cx"": 12, ""rz"": 46, ""swap"": 1, ""sx"": 24}",1.5,1.0833333333333333,False,
maxcut_n8_p0.30_seed101,maxcut,8,6,data/instances_rq1_extended/maxcut_n8_p0.30_seed101.json,1,0.7,0.3,heavy_hex_like,20,10,True,1,123,8,14,36,12,"{""barrier"": 2, ""cx"": 12, ""h"": 8, ""rx"": 8, ""rz"": 6}",8,21,85,13,1,12,0.002047582995146513,"{""barrier"": 2, ""cx"": 12, ""rz"": 46, ""swap"": 1, ""sx"": 24}",1.5,1.0833333333333333,False,
maxcut_n8_p0.30_seed101,maxcut,8,6,data/instances_rq1_extended/maxcut_n8_p0.30_seed101.json,1,0.7,0.3,fully_connected,56,28,True,1,123,8,14,36,12,"{""barrier"": 2, ""cx"": 12, ""h"": 8, ""rx"": 8, ""rz"": 6}",8,20,84,12,0,12,0.0020361250499263406,"{""barrier"": 2, ""cx"": 12, ""rz"": 46, ""sx"": 24}",1.4285714285714286,1.0,False,
maxcut_n8_p0.60_seed101,maxcut,8,17,data/instances_rq1_extended/maxcut_n8_p0.60_seed101.json,1,0.7,0.3,line,14,7,True,1,123,8,32,69,34,"{""barrier"": 2, ""cx"": 34, ""h"": 8, ""rx"": 8, ""rz"": 17}",8,48,132,49,15,34,0.0017615830292925239,"{""barrier"": 2, ""cx"": 34, ""rz"": 57, ""swap"": 15, ""sx"": 24}",1.5,1.4411764705882353,False,
maxcut_n8_p0.60_seed101,maxcut,8,17,data/instances_rq1_extended/maxcut_n8_p0.60_seed101.json,1,0.7,0.3,grid_2d,20,10,True,1,123,8,32,69,34,"{""barrier"": 2, ""cx"": 34, ""h"": 8, ""rx"": 8, ""rz"": 17}",8,50,123,40,6,34,0.0017188749043270946,"{""barrier"": 2, ""cx"": 34, ""rz"": 57, ""swap"": 6, ""sx"": 24}",1.5625,1.1764705882352942,False,
maxcut_n8_p0.60_seed101,maxcut,8,17,data/instances_rq1_extended/maxcut_n8_p0.60_seed101.json,1,0.7,0.3,heavy_hex_like,20,10,True,1,123,8,32,69,34,"{""barrier"": 2, ""cx"": 34, ""h"": 8, ""rx"": 8, ""rz"": 17}",8,43,124,41,7,34,0.0017570420168340206,"{""barrier"": 2, ""cx"": 34, ""rz"": 57, ""swap"": 7, ""sx"": 24}",1.34375,1.2058823529411764,False,
maxcut_n8_p0.60_seed101,maxcut,8,17,data/instances_rq1_extended/maxcut_n8_p0.60_seed101.json,1,0.7,0.3,fully_connected,56,28,True,1,123,8,32,69,34,"{""barrier"": 2, ""cx"": 34, ""h"": 8, ""rx"": 8, ""rz"": 17}",8,38,117,34,0,34,0.001879291026853025,"{""barrier"": 2, ""cx"": 34, ""rz"": 57, ""sx"": 24}",1.1875,1.0,False,
maxcut_n12_p0.30_seed101,maxcut,12,17,data/instances_rq1_extended/maxcut_n12_p0.30_seed101.json,1,0.7,0.3,line,22,11,True,1,123,12,26,77,34,"{""barrier"": 2, ""cx"": 34, ""h"": 12, ""rx"": 12, ""rz"": 17}",12,54,166,51,17,34,0.00247516599483788,"{""barrier"": 2, ""cx"": 34, ""rz"": 77, ""swap"": 17, ""sx"": 36}",2.076923076923077,1.5,False,
maxcut_n12_p0.30_seed101,maxcut,12,17,data/instances_rq1_extended/maxcut_n12_p0.30_seed101.json,1,0.7,0.3,grid_2d,34,17,True,1,123,12,26,77,34,"{""barrier"": 2, ""cx"": 34, ""h"": 12, ""rx"": 12, ""rz"": 17}",12,37,154,39,5,34,0.0023085830034688115,"{""barrier"": 2, ""cx"": 34, ""rz"": 77, ""swap"": 5, ""sx"": 36}",1.4230769230769231,1.1470588235294117,False,
maxcut_n12_p0.30_seed101,maxcut,12,17,data/instances_rq1_extended/maxcut_n12_p0.30_seed101.json,1,0.7,0.3,heavy_hex_like,34,17,True,1,123,12,26,77,34,"{""barrier"": 2, ""cx"": 34, ""h"": 12, ""rx"": 12, ""rz"": 17}",12,39,155,40,6,34,0.0019960830686613917,"{""barrier"": 2, ""cx"": 34, ""rz"": 77, ""swap"": 6, ""sx"": 36}",1.5,1.1764705882352942,False,
maxcut_n12_p0.30_seed101,maxcut,12,17,data/instances_rq1_extended/maxcut_n12_p0.30_seed101.json,1,0.7,0.3,fully_connected,132,66,True,1,123,12,26,77,34,"{""barrier"": 2, ""cx"": 34, ""h"": 12, ""rx"": 12, ""rz"": 17}",12,32,149,34,0,34,0.002125500002875924,"{""barrier"": 2, ""cx"": 34, ""rz"": 77, ""sx"": 36}",1.2307692307692308,1.0,False,
maxcut_n12_p0.60_seed101,maxcut,12,39,data/instances_rq1_extended/maxcut_n12_p0.60_seed101.json,1,0.7,0.3,line,22,11,True,1,123,12,53,143,78,"{""barrier"": 2, ""cx"": 78, ""h"": 12, ""rx"": 12, ""rz"": 39}",12,93,268,131,53,78,0.0021280829096212983,"{""barrier"": 2, ""cx"": 78, ""rz"": 99, ""swap"": 53, ""sx"": 36}",1.7547169811320755,1.6794871794871795,False,
maxcut_n12_p0.60_seed101,maxcut,12,39,data/instances_rq1_extended/maxcut_n12_p0.60_seed101.json,1,0.7,0.3,grid_2d,34,17,True,1,123,12,53,143,78,"{""barrier"": 2, ""cx"": 78, ""h"": 12, ""rx"": 12, ""rz"": 39}",12,84,236,99,21,78,0.0021780410315841436,"{""barrier"": 2, ""cx"": 78, ""rz"": 99, ""swap"": 21, ""sx"": 36}",1.5849056603773586,1.2692307692307692,False,
maxcut_n12_p0.60_seed101,maxcut,12,39,data/instances_rq1_extended/maxcut_n12_p0.60_seed101.json,1,0.7,0.3,heavy_hex_like,34,17,True,1,123,12,53,143,78,"{""barrier"": 2, ""cx"": 78, ""h"": 12, ""rx"": 12, ""rz"": 39}",12,92,239,102,24,78,0.0021157501032575965,"{""barrier"": 2, ""cx"": 78, ""rz"": 99, ""swap"": 24, ""sx"": 36}",1.7358490566037736,1.3076923076923077,False,
maxcut_n12_p0.60_seed101,maxcut,12,39,data/instances_rq1_extended/maxcut_n12_p0.60_seed101.json,1,0.7,0.3,fully_connected,132,66,True,1,123,12,53,143,78,"{""barrier"": 2, ""cx"": 78, ""h"": 12, ""rx"": 12, ""rz"": 39}",12,59,215,78,0,78,0.0021073329262435436,"{""barrier"": 2, ""cx"": 78, ""rz"": 99, ""sx"": 36}",1.1132075471698113,1.0,False,
maxcut_n16_p0.30_seed101,maxcut,16,33,data/instances_rq1_extended/maxcut_n16_p0.30_seed101.json,1,0.7,0.3,line,30,15,True,1,123,16,38,133,66,"{""barrier"": 2, ""cx"": 66, ""h"": 16, ""rx"": 16, ""rz"": 33}",16,72,290,127,61,66,0.0022490000119432807,"{""barrier"": 2, ""cx"": 66, ""rz"": 113, ""swap"": 61, ""sx"": 48}",1.894736842105263,1.9242424242424243,False,
maxcut_n16_p0.30_seed101,maxcut,16,33,data/instances_rq1_extended/maxcut_n16_p0.30_seed101.json,1,0.7,0.3,grid_2d,48,24,True,1,123,16,38,133,66,"{""barrier"": 2, ""cx"": 66, ""h"": 16, ""rx"": 16, ""rz"": 33}",16,74,250,87,21,66,0.0024018329568207264,"{""barrier"": 2, ""cx"": 66, ""rz"": 113, ""swap"": 21, ""sx"": 48}",1.9473684210526316,1.3181818181818181,False,
maxcut_n16_p0.30_seed101,maxcut,16,33,data/instances_rq1_extended/maxcut_n16_p0.30_seed101.json,1,0.7,0.3,heavy_hex_like,46,23,True,1,123,16,38,133,66,"{""barrier"": 2, ""cx"": 66, ""h"": 16, ""rx"": 16, ""rz"": 33}",16,75,257,94,28,66,0.0022207910660654306,"{""barrier"": 2, ""cx"": 66, ""rz"": 113, ""swap"": 28, ""sx"": 48}",1.9736842105263157,1.4242424242424243,False,
maxcut_n16_p0.30_seed101,maxcut,16,33,data/instances_rq1_extended/maxcut_n16_p0.30_seed101.json,1,0.7,0.3,fully_connected,240,120,True,1,123,16,38,133,66,"{""barrier"": 2, ""cx"": 66, ""h"": 16, ""rx"": 16, ""rz"": 33}",16,44,229,66,0,66,0.002715416019782424,"{""barrier"": 2, ""cx"": 66, ""rz"": 113, ""sx"": 48}",1.1578947368421053,1.0,False,
maxcut_n16_p0.60_seed101,maxcut,16,77,data/instances_rq1_extended/maxcut_n16_p0.60_seed101.json,1,0.7,0.3,line,30,15,True,1,123,16,80,265,154,"{""barrier"": 2, ""cx"": 154, ""h"": 16, ""rx"": 16, ""rz"": 77}",16,141,479,272,118,154,0.0025154169416055083,"{""barrier"": 2, ""cx"": 154, ""rz"": 157, ""swap"": 118, ""sx"": 48}",1.7625,1.7662337662337662,False,
maxcut_n16_p0.60_seed101,maxcut,16,77,data/instances_rq1_extended/maxcut_n16_p0.60_seed101.json,1,0.7,0.3,grid_2d,48,24,True,1,123,16,80,265,154,"{""barrier"": 2, ""cx"": 154, ""h"": 16, ""rx"": 16, ""rz"": 77}",16,151,418,211,57,154,0.0025009160162881017,"{""barrier"": 2, ""cx"": 154, ""rz"": 157, ""swap"": 57, ""sx"": 48}",1.8875,1.37012987012987,False,
maxcut_n16_p0.60_seed101,maxcut,16,77,data/instances_rq1_extended/maxcut_n16_p0.60_seed101.json,1,0.7,0.3,heavy_hex_like,46,23,True,1,123,16,80,265,154,"{""barrier"": 2, ""cx"": 154, ""h"": 16, ""rx"": 16, ""rz"": 77}",16,161,427,220,66,154,0.002494291984476149,"{""barrier"": 2, ""cx"": 154, ""rz"": 157, ""swap"": 66, ""sx"": 48}",2.0125,1.4285714285714286,False,
maxcut_n16_p0.60_seed101,maxcut,16,77,data/instances_rq1_extended/maxcut_n16_p0.60_seed101.json,1,0.7,0.3,fully_connected,240,120,True,1,123,16,80,265,154,"{""barrier"": 2, ""cx"": 154, ""h"": 16, ""rx"": 16, ""rz"": 77}",16,86,361,154,0,154,0.0026702500181272626,"{""barrier"": 2, ""cx"": 154, ""rz"": 157, ""sx"": 48}",1.075,1.0,False,
maxcut_n24_p0.30_seed101,maxcut,24,83,data/instances_rq1_extended/maxcut_n24_p0.30_seed101.json,1,0.7,0.3,line,46,23,True,1,123,24,74,299,166,"{""barrier"": 2, ""cx"": 166, ""h"": 24, ""rx"": 24, ""rz"": 83}",24,161,684,407,241,166,0.003283709054812789,"{""barrier"": 2, ""cx"": 166, ""rz"": 203, ""swap"": 241, ""sx"": 72}",2.175675675675676,2.4518072289156625,False,
maxcut_n24_p0.30_seed101,maxcut,24,83,data/instances_rq1_extended/maxcut_n24_p0.30_seed101.json,1,0.7,0.3,grid_2d,76,38,True,1,123,24,74,299,166,"{""barrier"": 2, ""cx"": 166, ""h"": 24, ""rx"": 24, ""rz"": 83}",24,158,527,250,84,166,0.0031890410464257,"{""barrier"": 2, ""cx"": 166, ""rz"": 203, ""swap"": 84, ""sx"": 72}",2.135135135135135,1.5060240963855422,False,
maxcut_n24_p0.30_seed101,maxcut,24,83,data/instances_rq1_extended/maxcut_n24_p0.30_seed101.json,1,0.7,0.3,heavy_hex_like,72,36,True,1,123,24,74,299,166,"{""barrier"": 2, ""cx"": 166, ""h"": 24, ""rx"": 24, ""rz"": 83}",24,181,572,295,129,166,0.0031602499075233936,"{""barrier"": 2, ""cx"": 166, ""rz"": 203, ""swap"": 129, ""sx"": 72}",2.445945945945946,1.7771084337349397,False,
maxcut_n24_p0.30_seed101,maxcut,24,83,data/instances_rq1_extended/maxcut_n24_p0.30_seed101.json,1,0.7,0.3,fully_connected,552,276,True,1,123,24,74,299,166,"{""barrier"": 2, ""cx"": 166, ""h"": 24, ""rx"": 24, ""rz"": 83}",24,80,443,166,0,166,0.004284041002392769,"{""barrier"": 2, ""cx"": 166, ""rz"": 203, ""sx"": 72}",1.0810810810810811,1.0,False,
maxcut_n24_p0.60_seed101,maxcut,24,179,data/instances_rq1_extended/maxcut_n24_p0.60_seed101.json,1,0.7,0.3,line,46,23,True,1,123,24,122,587,358,"{""barrier"": 2, ""cx"": 358, ""h"": 24, ""rx"": 24, ""rz"": 179}",24,225,1030,657,299,358,0.0038332080002874136,"{""barrier"": 2, ""cx"": 358, ""rz"": 299, ""swap"": 299, ""sx"": 72}",1.8442622950819672,1.835195530726257,False,
maxcut_n24_p0.60_seed101,maxcut,24,179,data/instances_rq1_extended/maxcut_n24_p0.60_seed101.json,1,0.7,0.3,grid_2d,76,38,True,1,123,24,122,587,358,"{""barrier"": 2, ""cx"": 358, ""h"": 24, ""rx"": 24, ""rz"": 179}",24,279,886,513,155,358,0.003934332984499633,"{""barrier"": 2, ""cx"": 358, ""rz"": 299, ""swap"": 155, ""sx"": 72}",2.2868852459016393,1.4329608938547487,False,
maxcut_n24_p0.60_seed101,maxcut,24,179,data/instances_rq1_extended/maxcut_n24_p0.60_seed101.json,1,0.7,0.3,heavy_hex_like,72,36,True,1,123,24,122,587,358,"{""barrier"": 2, ""cx"": 358, ""h"": 24, ""rx"": 24, ""rz"": 179}",24,268,898,525,167,358,0.0037019170122221112,"{""barrier"": 2, ""cx"": 358, ""rz"": 299, ""swap"": 167, ""sx"": 72}",2.19672131147541,1.4664804469273742,False,
maxcut_n24_p0.60_seed101,maxcut,24,179,data/instances_rq1_extended/maxcut_n24_p0.60_seed101.json,1,0.7,0.3,fully_connected,552,276,True,1,123,24,122,587,358,"{""barrier"": 2, ""cx"": 358, ""h"": 24, ""rx"": 24, ""rz"": 179}",24,128,731,358,0,358,0.004559249966405332,"{""barrier"": 2, ""cx"": 358, ""rz"": 299, ""sx"": 72}",1.0491803278688525,1.0,False,
maxcut_n32_p0.30_seed101,maxcut,32,156,data/instances_rq1_extended/maxcut_n32_p0.30_seed101.json,1,0.7,0.3,line,62,31,True,1,123,32,107,534,312,"{""barrier"": 2, ""cx"": 312, ""h"": 32, ""rx"": 32, ""rz"": 156}",32,249,1236,822,510,312,0.00473874993622303,"{""barrier"": 2, ""cx"": 312, ""rz"": 316, ""swap"": 510, ""sx"": 96}",2.3271028037383177,2.6346153846153846,False,
maxcut_n32_p0.30_seed101,maxcut,32,156,data/instances_rq1_extended/maxcut_n32_p0.30_seed101.json,1,0.7,0.3,grid_2d,104,52,True,1,123,32,107,534,312,"{""barrier"": 2, ""cx"": 312, ""h"": 32, ""rx"": 32, ""rz"": 156}",32,231,898,484,172,312,0.004216291010379791,"{""barrier"": 2, ""cx"": 312, ""rz"": 316, ""swap"": 172, ""sx"": 96}",2.1588785046728973,1.5512820512820513,False,
maxcut_n32_p0.30_seed101,maxcut,32,156,data/instances_rq1_extended/maxcut_n32_p0.30_seed101.json,1,0.7,0.3,heavy_hex_like,96,48,True,1,123,32,107,534,312,"{""barrier"": 2, ""cx"": 312, ""h"": 32, ""rx"": 32, ""rz"": 156}",32,251,986,572,260,312,0.004562291083857417,"{""barrier"": 2, ""cx"": 312, ""rz"": 316, ""swap"": 260, ""sx"": 96}",2.3457943925233646,1.8333333333333333,False,
maxcut_n32_p0.30_seed101,maxcut,32,156,data/instances_rq1_extended/maxcut_n32_p0.30_seed101.json,1,0.7,0.3,fully_connected,992,496,True,1,123,32,107,534,312,"{""barrier"": 2, ""cx"": 312, ""h"": 32, ""rx"": 32, ""rz"": 156}",32,113,726,312,0,312,0.00664179096929729,"{""barrier"": 2, ""cx"": 312, ""rz"": 316, ""sx"": 96}",1.0560747663551402,1.0,False,
maxcut_n32_p0.60_seed101,maxcut,32,314,data/instances_rq1_extended/maxcut_n32_p0.60_seed101.json,1,0.7,0.3,line,62,31,True,1,123,32,167,1008,628,"{""barrier"": 2, ""cx"": 628, ""h"": 32, ""rx"": 32, ""rz"": 314}",32,326,1768,1196,568,628,0.005712207988835871,"{""barrier"": 2, ""cx"": 628, ""rz"": 474, ""swap"": 568, ""sx"": 96}",1.9520958083832336,1.9044585987261147,False,
maxcut_n32_p0.60_seed101,maxcut,32,314,data/instances_rq1_extended/maxcut_n32_p0.60_seed101.json,1,0.7,0.3,grid_2d,104,52,True,1,123,32,167,1008,628,"{""barrier"": 2, ""cx"": 628, ""h"": 32, ""rx"": 32, ""rz"": 314}",32,444,1512,940,312,628,0.005579416989348829,"{""barrier"": 2, ""cx"": 628, ""rz"": 474, ""swap"": 312, ""sx"": 96}",2.658682634730539,1.4968152866242037,False,
maxcut_n32_p0.60_seed101,maxcut,32,314,data/instances_rq1_extended/maxcut_n32_p0.60_seed101.json,1,0.7,0.3,heavy_hex_like,96,48,True,1,123,32,167,1008,628,"{""barrier"": 2, ""cx"": 628, ""h"": 32, ""rx"": 32, ""rz"": 314}",32,450,1551,979,351,628,0.005665790988132358,"{""barrier"": 2, ""cx"": 628, ""rz"": 474, ""swap"": 351, ""sx"": 96}",2.694610778443114,1.5589171974522293,False,
maxcut_n32_p0.60_seed101,maxcut,32,314,data/instances_rq1_extended/maxcut_n32_p0.60_seed101.json,1,0.7,0.3,fully_connected,992,496,True,1,123,32,167,1008,628,"{""barrier"": 2, ""cx"": 628, ""h"": 32, ""rx"": 32, ""rz"": 314}",32,173,1200,628,0,628,0.006901709013618529,"{""barrier"": 2, ""cx"": 628, ""rz"": 474, ""sx"": 96}",1.035928143712575,1.0,False,
maxcut_n8_p0.30_seed202,maxcut,8,5,data/instances_rq1_extended/maxcut_n8_p0.30_seed202.json,1,0.7,0.3,line,14,7,True,1,123,8,14,33,10,"{""barrier"": 2, ""cx"": 10, ""h"": 8, ""rx"": 8, ""rz"": 5}",8,21,82,11,1,10,0.0016957500483840704,"{""barrier"": 2, ""cx"": 10, ""rz"": 45, ""swap"": 1, ""sx"": 24}",1.5,1.1,False,
maxcut_n8_p0.30_seed202,maxcut,8,5,data/instances_rq1_extended/maxcut_n8_p0.30_seed202.json,1,0.7,0.3,grid_2d,20,10,True,1,123,8,14,33,10,"{""barrier"": 2, ""cx"": 10, ""h"": 8, ""rx"": 8, ""rz"": 5}",8,20,81,10,0,10,0.0014950830955058336,"{""barrier"": 2, ""cx"": 10, ""rz"": 45, ""sx"": 24}",1.4285714285714286,1.0,False,
maxcut_n8_p0.30_seed202,maxcut,8,5,data/instances_rq1_extended/maxcut_n8_p0.30_seed202.json,1,0.7,0.3,heavy_hex_like,20,10,True,1,123,8,14,33,10,"{""barrier"": 2, ""cx"": 10, ""h"": 8, ""rx"": 8, ""rz"": 5}",8,20,81,10,0,10,0.0014922500122338533,"{""barrier"": 2, ""cx"": 10, ""rz"": 45, ""sx"": 24}",1.4285714285714286,1.0,False,
maxcut_n8_p0.30_seed202,maxcut,8,5,data/instances_rq1_extended/maxcut_n8_p0.30_seed202.json,1,0.7,0.3,fully_connected,56,28,True,1,123,8,14,33,10,"{""barrier"": 2, ""cx"": 10, ""h"": 8, ""rx"": 8, ""rz"": 5}",8,20,81,10,0,10,0.001587791950441897,"{""barrier"": 2, ""cx"": 10, ""rz"": 45, ""sx"": 24}",1.4285714285714286,1.0,False,
maxcut_n8_p0.60_seed202,maxcut,8,18,data/instances_rq1_extended/maxcut_n8_p0.60_seed202.json,1,0.7,0.3,line,14,7,True,1,123,8,32,72,36,"{""barrier"": 2, ""cx"": 36, ""h"": 8, ""rx"": 8, ""rz"": 18}",8,45,135,51,15,36,0.0016654999926686287,"{""barrier"": 2, ""cx"": 36, ""rz"": 58, ""swap"": 15, ""sx"": 24}",1.40625,1.4166666666666667,False,
maxcut_n8_p0.60_seed202,maxcut,8,18,data/instances_rq1_extended/maxcut_n8_p0.60_seed202.json,1,0.7,0.3,grid_2d,20,10,True,1,123,8,32,72,36,"{""barrier"": 2, ""cx"": 36, ""h"": 8, ""rx"": 8, ""rz"": 18}",8,48,125,41,5,36,0.0016691250493749976,"{""barrier"": 2, ""cx"": 36, ""rz"": 58, ""swap"": 5, ""sx"": 24}",1.5,1.1388888888888888,False,
maxcut_n8_p0.60_seed202,maxcut,8,18,data/instances_rq1_extended/maxcut_n8_p0.60_seed202.json,1,0.7,0.3,heavy_hex_like,20,10,True,1,123,8,32,72,36,"{""barrier"": 2, ""cx"": 36, ""h"": 8, ""rx"": 8, ""rz"": 18}",8,44,128,44,8,36,0.0016789999790489674,"{""barrier"": 2, ""cx"": 36, ""rz"": 58, ""swap"": 8, ""sx"": 24}",1.375,1.2222222222222223,False,
maxcut_n8_p0.60_seed202,maxcut,8,18,data/instances_rq1_extended/maxcut_n8_p0.60_seed202.json,1,0.7,0.3,fully_connected,56,28,True,1,123,8,32,72,36,"{""barrier"": 2, ""cx"": 36, ""h"": 8, ""rx"": 8, ""rz"": 18}",8,38,120,36,0,36,0.0015909579815343022,"{""barrier"": 2, ""cx"": 36, ""rz"": 58, ""sx"": 24}",1.1875,1.0,False,
maxcut_n12_p0.30_seed202,maxcut,12,22,data/instances_rq1_extended/maxcut_n12_p0.30_seed202.json,1,0.7,0.3,line,22,11,True,1,123,12,26,92,44,"{""barrier"": 2, ""cx"": 44, ""h"": 12, ""rx"": 12, ""rz"": 22}",12,45,189,69,25,44,0.0020245000487193465,"{""barrier"": 2, ""cx"": 44, ""rz"": 82, ""swap"": 25, ""sx"": 36}",1.7307692307692308,1.5681818181818181,False,
maxcut_n12_p0.30_seed202,maxcut,12,22,data/instances_rq1_extended/maxcut_n12_p0.30_seed202.json,1,0.7,0.3,grid_2d,34,17,True,1,123,12,26,92,44,"{""barrier"": 2, ""cx"": 44, ""h"": 12, ""rx"": 12, ""rz"": 22}",12,53,174,54,10,44,0.0019376669079065323,"{""barrier"": 2, ""cx"": 44, ""rz"": 82, ""swap"": 10, ""sx"": 36}",2.0384615384615383,1.2272727272727273,False,
maxcut_n12_p0.30_seed202,maxcut,12,22,data/instances_rq1_extended/maxcut_n12_p0.30_seed202.json,1,0.7,0.3,heavy_hex_like,34,17,True,1,123,12,26,92,44,"{""barrier"": 2, ""cx"": 44, ""h"": 12, ""rx"": 12, ""rz"": 22}",12,43,176,56,12,44,0.0018536660354584455,"{""barrier"": 2, ""cx"": 44, ""rz"": 82, ""swap"": 12, ""sx"": 36}",1.6538461538461537,1.2727272727272727,False,
maxcut_n12_p0.30_seed202,maxcut,12,22,data/instances_rq1_extended/maxcut_n12_p0.30_seed202.json,1,0.7,0.3,fully_connected,132,66,True,1,123,12,26,92,44,"{""barrier"": 2, ""cx"": 44, ""h"": 12, ""rx"": 12, ""rz"": 22}",12,32,164,44,0,44,0.001965792034752667,"{""barrier"": 2, ""cx"": 44, ""rz"": 82, ""sx"": 36}",1.2307692307692308,1.0,False,
maxcut_n12_p0.60_seed202,maxcut,12,42,data/instances_rq1_extended/maxcut_n12_p0.60_seed202.json,1,0.7,0.3,line,22,11,True,1,123,12,56,152,84,"{""barrier"": 2, ""cx"": 84, ""h"": 12, ""rx"": 12, ""rz"": 42}",12,82,278,138,54,84,0.0021523749455809593,"{""barrier"": 2, ""cx"": 84, ""rz"": 102, ""swap"": 54, ""sx"": 36}",1.4642857142857142,1.6428571428571428,False,
maxcut_n12_p0.60_seed202,maxcut,12,42,data/instances_rq1_extended/maxcut_n12_p0.60_seed202.json,1,0.7,0.3,grid_2d,34,17,True,1,123,12,56,152,84,"{""barrier"": 2, ""cx"": 84, ""h"": 12, ""rx"": 12, ""rz"": 42}",12,77,247,107,23,84,0.0021024170564487576,"{""barrier"": 2, ""cx"": 84, ""rz"": 102, ""swap"": 23, ""sx"": 36}",1.375,1.2738095238095237,False,
maxcut_n12_p0.60_seed202,maxcut,12,42,data/instances_rq1_extended/maxcut_n12_p0.60_seed202.json,1,0.7,0.3,heavy_hex_like,34,17,True,1,123,12,56,152,84,"{""barrier"": 2, ""cx"": 84, ""h"": 12, ""rx"": 12, ""rz"": 42}",12,84,251,111,27,84,0.0020327919628471136,"{""barrier"": 2, ""cx"": 84, ""rz"": 102, ""swap"": 27, ""sx"": 36}",1.5,1.3214285714285714,False,
maxcut_n12_p0.60_seed202,maxcut,12,42,data/instances_rq1_extended/maxcut_n12_p0.60_seed202.json,1,0.7,0.3,fully_connected,132,66,True,1,123,12,56,152,84,"{""barrier"": 2, ""cx"": 84, ""h"": 12, ""rx"": 12, ""rz"": 42}",12,62,224,84,0,84,0.0020804579835385084,"{""barrier"": 2, ""cx"": 84, ""rz"": 102, ""sx"": 36}",1.1071428571428572,1.0,False,
maxcut_n16_p0.30_seed202,maxcut,16,34,data/instances_rq1_extended/maxcut_n16_p0.30_seed202.json,1,0.7,0.3,line,30,15,True,1,123,16,41,136,68,"{""barrier"": 2, ""cx"": 68, ""h"": 16, ""rx"": 16, ""rz"": 34}",16,78,286,122,54,68,0.0024516250705346465,"{""barrier"": 2, ""cx"": 68, ""rz"": 114, ""swap"": 54, ""sx"": 48}",1.9024390243902438,1.7941176470588236,False,
maxcut_n16_p0.30_seed202,maxcut,16,34,data/instances_rq1_extended/maxcut_n16_p0.30_seed202.json,1,0.7,0.3,grid_2d,48,24,True,1,123,16,41,136,68,"{""barrier"": 2, ""cx"": 68, ""h"": 16, ""rx"": 16, ""rz"": 34}",16,65,251,87,19,68,0.0022618339862674475,"{""barrier"": 2, ""cx"": 68, ""rz"": 114, ""swap"": 19, ""sx"": 48}",1.5853658536585367,1.2794117647058822,False,
maxcut_n16_p0.30_seed202,maxcut,16,34,data/instances_rq1_extended/maxcut_n16_p0.30_seed202.json,1,0.7,0.3,heavy_hex_like,46,23,True,1,123,16,41,136,68,"{""barrier"": 2, ""cx"": 68, ""h"": 16, ""rx"": 16, ""rz"": 34}",16,65,258,94,26,68,0.0022262909915298223,"{""barrier"": 2, ""cx"": 68, ""rz"": 114, ""swap"": 26, ""sx"": 48}",1.5853658536585367,1.3823529411764706,False,
maxcut_n16_p0.30_seed202,maxcut,16,34,data/instances_rq1_extended/maxcut_n16_p0.30_seed202.json,1,0.7,0.3,fully_connected,240,120,True,1,123,16,41,136,68,"{""barrier"": 2, ""cx"": 68, ""h"": 16, ""rx"": 16, ""rz"": 34}",16,47,232,68,0,68,0.0026714170817285776,"{""barrier"": 2, ""cx"": 68, ""rz"": 114, ""sx"": 48}",1.146341463414634,1.0,False,
maxcut_n16_p0.60_seed202,maxcut,16,75,data/instances_rq1_extended/maxcut_n16_p0.60_seed202.json,1,0.7,0.3,line,30,15,True,1,123,16,68,259,150,"{""barrier"": 2, ""cx"": 150, ""h"": 16, ""rx"": 16, ""rz"": 75}",16,143,475,270,120,150,0.0024742919486016035,"{""barrier"": 2, ""cx"": 150, ""rz"": 155, ""swap"": 120, ""sx"": 48}",2.1029411764705883,1.8,False,
maxcut_n16_p0.60_seed202,maxcut,16,75,data/instances_rq1_extended/maxcut_n16_p0.60_seed202.json,1,0.7,0.3,grid_2d,48,24,True,1,123,16,68,259,150,"{""barrier"": 2, ""cx"": 150, ""h"": 16, ""rx"": 16, ""rz"": 75}",16,132,408,203,53,150,0.002540667075663805,"{""barrier"": 2, ""cx"": 150, ""rz"": 155, ""swap"": 53, ""sx"": 48}",1.9411764705882353,1.3533333333333333,False,
maxcut_n16_p0.60_seed202,maxcut,16,75,data/instances_rq1_extended/maxcut_n16_p0.60_seed202.json,1,0.7,0.3,heavy_hex_like,46,23,True,1,123,16,68,259,150,"{""barrier"": 2, ""cx"": 150, ""h"": 16, ""rx"": 16, ""rz"": 75}",16,168,420,215,65,150,0.0025317079853266478,"{""barrier"": 2, ""cx"": 150, ""rz"": 155, ""swap"": 65, ""sx"": 48}",2.4705882352941178,1.4333333333333333,False,
maxcut_n16_p0.60_seed202,maxcut,16,75,data/instances_rq1_extended/maxcut_n16_p0.60_seed202.json,1,0.7,0.3,fully_connected,240,120,True,1,123,16,68,259,150,"{""barrier"": 2, ""cx"": 150, ""h"": 16, ""rx"": 16, ""rz"": 75}",16,74,355,150,0,150,0.002703125006519258,"{""barrier"": 2, ""cx"": 150, ""rz"": 155, ""sx"": 48}",1.088235294117647,1.0,False,
maxcut_n24_p0.30_seed202,maxcut,24,73,data/instances_rq1_extended/maxcut_n24_p0.30_seed202.json,1,0.7,0.3,line,46,23,True,1,123,24,59,269,146,"{""barrier"": 2, ""cx"": 146, ""h"": 24, ""rx"": 24, ""rz"": 73}",24,142,621,354,208,146,0.0031020829919725657,"{""barrier"": 2, ""cx"": 146, ""rz"": 193, ""swap"": 208, ""sx"": 72}",2.406779661016949,2.4246575342465753,False,
maxcut_n24_p0.30_seed202,maxcut,24,73,data/instances_rq1_extended/maxcut_n24_p0.30_seed202.json,1,0.7,0.3,grid_2d,76,38,True,1,123,24,59,269,146,"{""barrier"": 2, ""cx"": 146, ""h"": 24, ""rx"": 24, ""rz"": 73}",24,125,478,211,65,146,0.0031080839689821005,"{""barrier"": 2, ""cx"": 146, ""rz"": 193, ""swap"": 65, ""sx"": 72}",2.1186440677966103,1.4452054794520548,False,
maxcut_n24_p0.30_seed202,maxcut,24,73,data/instances_rq1_extended/maxcut_n24_p0.30_seed202.json,1,0.7,0.3,heavy_hex_like,72,36,True,1,123,24,59,269,146,"{""barrier"": 2, ""cx"": 146, ""h"": 24, ""rx"": 24, ""rz"": 73}",24,132,504,237,91,146,0.003237375058233738,"{""barrier"": 2, ""cx"": 146, ""rz"": 193, ""swap"": 91, ""sx"": 72}",2.23728813559322,1.6232876712328768,False,
maxcut_n24_p0.30_seed202,maxcut,24,73,data/instances_rq1_extended/maxcut_n24_p0.30_seed202.json,1,0.7,0.3,fully_connected,552,276,True,1,123,24,59,269,146,"{""barrier"": 2, ""cx"": 146, ""h"": 24, ""rx"": 24, ""rz"": 73}",24,65,413,146,0,146,0.004301624954678118,"{""barrier"": 2, ""cx"": 146, ""rz"": 193, ""sx"": 72}",1.1016949152542372,1.0,False,
maxcut_n24_p0.60_seed202,maxcut,24,161,data/instances_rq1_extended/maxcut_n24_p0.60_seed202.json,1,0.7,0.3,line,46,23,True,1,123,24,113,533,322,"{""barrier"": 2, ""cx"": 322, ""h"": 24, ""rx"": 24, ""rz"": 161}",24,230,970,615,293,322,0.0037882080068811774,"{""barrier"": 2, ""cx"": 322, ""rz"": 281, ""swap"": 293, ""sx"": 72}",2.0353982300884956,1.9099378881987579,False,
maxcut_n24_p0.60_seed202,maxcut,24,161,data/instances_rq1_extended/maxcut_n24_p0.60_seed202.json,1,0.7,0.3,grid_2d,76,38,True,1,123,24,113,533,322,"{""barrier"": 2, ""cx"": 322, ""h"": 24, ""rx"": 24, ""rz"": 161}",24,256,820,465,143,322,0.003705583978444338,"{""barrier"": 2, ""cx"": 322, ""rz"": 281, ""swap"": 143, ""sx"": 72}",2.265486725663717,1.4440993788819876,False,
maxcut_n24_p0.60_seed202,maxcut,24,161,data/instances_rq1_extended/maxcut_n24_p0.60_seed202.json,1,0.7,0.3,heavy_hex_like,72,36,True,1,123,24,113,533,322,"{""barrier"": 2, ""cx"": 322, ""h"": 24, ""rx"": 24, ""rz"": 161}",24,246,843,488,166,322,0.003680582973174751,"{""barrier"": 2, ""cx"": 322, ""rz"": 281, ""swap"": 166, ""sx"": 72}",2.1769911504424777,1.515527950310559,False,
maxcut_n24_p0.60_seed202,maxcut,24,161,data/instances_rq1_extended/maxcut_n24_p0.60_seed202.json,1,0.7,0.3,fully_connected,552,276,True,1,123,24,113,533,322,"{""barrier"": 2, ""cx"": 322, ""h"": 24, ""rx"": 24, ""rz"": 161}",24,119,677,322,0,322,0.004481874988414347,"{""barrier"": 2, ""cx"": 322, ""rz"": 281, ""sx"": 72}",1.0530973451327434,1.0,False,
maxcut_n32_p0.30_seed202,maxcut,32,141,data/instances_rq1_extended/maxcut_n32_p0.30_seed202.json,1,0.7,0.3,line,62,31,True,1,123,32,101,489,282,"{""barrier"": 2, ""cx"": 282, ""h"": 32, ""rx"": 32, ""rz"": 141}",32,341,1218,819,537,282,0.005136625026352704,"{""barrier"": 2, ""cx"": 282, ""rz"": 301, ""swap"": 537, ""sx"": 96}",3.376237623762376,2.904255319148936,False,
maxcut_n32_p0.30_seed202,maxcut,32,141,data/instances_rq1_extended/maxcut_n32_p0.30_seed202.json,1,0.7,0.3,grid_2d,104,52,True,1,123,32,101,489,282,"{""barrier"": 2, ""cx"": 282, ""h"": 32, ""rx"": 32, ""rz"": 141}",32,216,846,447,165,282,0.004222707939334214,"{""barrier"": 2, ""cx"": 282, ""rz"": 301, ""swap"": 165, ""sx"": 96}",2.1386138613861387,1.5851063829787233,False,
maxcut_n32_p0.30_seed202,maxcut,32,141,data/instances_rq1_extended/maxcut_n32_p0.30_seed202.json,1,0.7,0.3,heavy_hex_like,96,48,True,1,123,32,101,489,282,"{""barrier"": 2, ""cx"": 282, ""h"": 32, ""rx"": 32, ""rz"": 141}",32,251,936,537,255,282,0.004929125076159835,"{""barrier"": 2, ""cx"": 282, ""rz"": 301, ""swap"": 255, ""sx"": 96}",2.485148514851485,1.9042553191489362,False,
maxcut_n32_p0.30_seed202,maxcut,32,141,data/instances_rq1_extended/maxcut_n32_p0.30_seed202.json,1,0.7,0.3,fully_connected,992,496,True,1,123,32,101,489,282,"{""barrier"": 2, ""cx"": 282, ""h"": 32, ""rx"": 32, ""rz"": 141}",32,107,681,282,0,282,0.0066660839365795255,"{""barrier"": 2, ""cx"": 282, ""rz"": 301, ""sx"": 96}",1.0594059405940595,1.0,False,
maxcut_n32_p0.60_seed202,maxcut,32,297,data/instances_rq1_extended/maxcut_n32_p0.60_seed202.json,1,0.7,0.3,line,62,31,True,1,123,32,167,957,594,"{""barrier"": 2, ""cx"": 594, ""h"": 32, ""rx"": 32, ""rz"": 297}",32,310,1722,1167,573,594,0.00881545792799443,"{""barrier"": 2, ""cx"": 594, ""rz"": 457, ""swap"": 573, ""sx"": 96}",1.8562874251497006,1.9646464646464648,False,
maxcut_n32_p0.60_seed202,maxcut,32,297,data/instances_rq1_extended/maxcut_n32_p0.60_seed202.json,1,0.7,0.3,grid_2d,104,52,True,1,123,32,167,957,594,"{""barrier"": 2, ""cx"": 594, ""h"": 32, ""rx"": 32, ""rz"": 297}",32,382,1443,888,294,594,0.007796750054694712,"{""barrier"": 2, ""cx"": 594, ""rz"": 457, ""swap"": 294, ""sx"": 96}",2.287425149700599,1.494949494949495,False,
maxcut_n32_p0.60_seed202,maxcut,32,297,data/instances_rq1_extended/maxcut_n32_p0.60_seed202.json,1,0.7,0.3,heavy_hex_like,96,48,True,1,123,32,167,957,594,"{""barrier"": 2, ""cx"": 594, ""h"": 32, ""rx"": 32, ""rz"": 297}",32,431,1497,942,348,594,0.007327624945901334,"{""barrier"": 2, ""cx"": 594, ""rz"": 457, ""swap"": 348, ""sx"": 96}",2.5808383233532934,1.5858585858585859,False,
maxcut_n32_p0.60_seed202,maxcut,32,297,data/instances_rq1_extended/maxcut_n32_p0.60_seed202.json,1,0.7,0.3,fully_connected,992,496,True,1,123,32,167,957,594,"{""barrier"": 2, ""cx"": 594, ""h"": 32, ""rx"": 32, ""rz"": 297}",32,173,1149,594,0,594,0.00765079096890986,"{""barrier"": 2, ""cx"": 594, ""rz"": 457, ""sx"": 96}",1.035928143712575,1.0,False,
maxcut_n8_p0.30_seed303,maxcut,8,12,data/instances_rq1_extended/maxcut_n8_p0.30_seed303.json,1,0.7,0.3,line,14,7,True,1,123,8,23,54,24,"{""barrier"": 2, ""cx"": 24, ""h"": 8, ""rx"": 8, ""rz"": 12}",8,31,110,32,8,24,0.0022010840475559235,"{""barrier"": 2, ""cx"": 24, ""rz"": 52, ""swap"": 8, ""sx"": 24}",1.3478260869565217,1.3333333333333333,False,
maxcut_n8_p0.30_seed303,maxcut,8,12,data/instances_rq1_extended/maxcut_n8_p0.30_seed303.json,1,0.7,0.3,grid_2d,20,10,True,1,123,8,23,54,24,"{""barrier"": 2, ""cx"": 24, ""h"": 8, ""rx"": 8, ""rz"": 12}",8,34,105,27,3,24,0.0023948330199345946,"{""barrier"": 2, ""cx"": 24, ""rz"": 52, ""swap"": 3, ""sx"": 24}",1.4782608695652173,1.125,False,
maxcut_n8_p0.30_seed303,maxcut,8,12,data/instances_rq1_extended/maxcut_n8_p0.30_seed303.json,1,0.7,0.3,heavy_hex_like,20,10,True,1,123,8,23,54,24,"{""barrier"": 2, ""cx"": 24, ""h"": 8, ""rx"": 8, ""rz"": 12}",8,30,106,28,4,24,0.002745457924902439,"{""barrier"": 2, ""cx"": 24, ""rz"": 52, ""swap"": 4, ""sx"": 24}",1.3043478260869565,1.1666666666666667,False,
maxcut_n8_p0.30_seed303,maxcut,8,12,data/instances_rq1_extended/maxcut_n8_p0.30_seed303.json,1,0.7,0.3,fully_connected,56,28,True,1,123,8,23,54,24,"{""barrier"": 2, ""cx"": 24, ""h"": 8, ""rx"": 8, ""rz"": 12}",8,29,102,24,0,24,0.0018215840682387352,"{""barrier"": 2, ""cx"": 24, ""rz"": 52, ""sx"": 24}",1.2608695652173914,1.0,False,
maxcut_n8_p0.60_seed303,maxcut,8,20,data/instances_rq1_extended/maxcut_n8_p0.60_seed303.json,1,0.7,0.3,line,14,7,True,1,123,8,32,78,40,"{""barrier"": 2, ""cx"": 40, ""h"": 8, ""rx"": 8, ""rz"": 20}",8,46,142,56,16,40,0.0018981249304488301,"{""barrier"": 2, ""cx"": 40, ""rz"": 60, ""swap"": 16, ""sx"": 24}",1.4375,1.4,False,
maxcut_n8_p0.60_seed303,maxcut,8,20,data/instances_rq1_extended/maxcut_n8_p0.60_seed303.json,1,0.7,0.3,grid_2d,20,10,True,1,123,8,32,78,40,"{""barrier"": 2, ""cx"": 40, ""h"": 8, ""rx"": 8, ""rz"": 20}",8,53,134,48,8,40,0.001849207910709083,"{""barrier"": 2, ""cx"": 40, ""rz"": 60, ""swap"": 8, ""sx"": 24}",1.65625,1.2,False,
maxcut_n8_p0.60_seed303,maxcut,8,20,data/instances_rq1_extended/maxcut_n8_p0.60_seed303.json,1,0.7,0.3,heavy_hex_like,20,10,True,1,123,8,32,78,40,"{""barrier"": 2, ""cx"": 40, ""h"": 8, ""rx"": 8, ""rz"": 20}",8,46,134,48,8,40,0.0018144170753657818,"{""barrier"": 2, ""cx"": 40, ""rz"": 60, ""swap"": 8, ""sx"": 24}",1.4375,1.2,False,
maxcut_n8_p0.60_seed303,maxcut,8,20,data/instances_rq1_extended/maxcut_n8_p0.60_seed303.json,1,0.7,0.3,fully_connected,56,28,True,1,123,8,32,78,40,"{""barrier"": 2, ""cx"": 40, ""h"": 8, ""rx"": 8, ""rz"": 20}",8,38,126,40,0,40,0.001738541992381215,"{""barrier"": 2, ""cx"": 40, ""rz"": 60, ""sx"": 24}",1.1875,1.0,False,
maxcut_n12_p0.30_seed303,maxcut,12,23,data/instances_rq1_extended/maxcut_n12_p0.30_seed303.json,1,0.7,0.3,line,22,11,True,1,123,12,35,95,46,"{""barrier"": 2, ""cx"": 46, ""h"": 12, ""rx"": 12, ""rz"": 23}",12,49,189,68,22,46,0.0019442499615252018,"{""barrier"": 2, ""cx"": 46, ""rz"": 83, ""swap"": 22, ""sx"": 36}",1.4,1.4782608695652173,False,
maxcut_n12_p0.30_seed303,maxcut,12,23,data/instances_rq1_extended/maxcut_n12_p0.30_seed303.json,1,0.7,0.3,grid_2d,34,17,True,1,123,12,35,95,46,"{""barrier"": 2, ""cx"": 46, ""h"": 12, ""rx"": 12, ""rz"": 23}",12,55,175,54,8,46,0.002035624929703772,"{""barrier"": 2, ""cx"": 46, ""rz"": 83, ""swap"": 8, ""sx"": 36}",1.5714285714285714,1.173913043478261,False,
maxcut_n12_p0.30_seed303,maxcut,12,23,data/instances_rq1_extended/maxcut_n12_p0.30_seed303.json,1,0.7,0.3,heavy_hex_like,34,17,True,1,123,12,35,95,46,"{""barrier"": 2, ""cx"": 46, ""h"": 12, ""rx"": 12, ""rz"": 23}",12,52,176,55,9,46,0.0020771659910678864,"{""barrier"": 2, ""cx"": 46, ""rz"": 83, ""swap"": 9, ""sx"": 36}",1.4857142857142858,1.1956521739130435,False,
maxcut_n12_p0.30_seed303,maxcut,12,23,data/instances_rq1_extended/maxcut_n12_p0.30_seed303.json,1,0.7,0.3,fully_connected,132,66,True,1,123,12,35,95,46,"{""barrier"": 2, ""cx"": 46, ""h"": 12, ""rx"": 12, ""rz"": 23}",12,41,167,46,0,46,0.0021290830336511135,"{""barrier"": 2, ""cx"": 46, ""rz"": 83, ""sx"": 36}",1.1714285714285715,1.0,False,
maxcut_n12_p0.60_seed303,maxcut,12,43,data/instances_rq1_extended/maxcut_n12_p0.60_seed303.json,1,0.7,0.3,line,22,11,True,1,123,12,47,155,86,"{""barrier"": 2, ""cx"": 86, ""h"": 12, ""rx"": 12, ""rz"": 43}",12,96,281,140,54,86,0.002095625037327409,"{""barrier"": 2, ""cx"": 86, ""rz"": 103, ""swap"": 54, ""sx"": 36}",2.0425531914893615,1.627906976744186,False,
maxcut_n12_p0.60_seed303,maxcut,12,43,data/instances_rq1_extended/maxcut_n12_p0.60_seed303.json,1,0.7,0.3,grid_2d,34,17,True,1,123,12,47,155,86,"{""barrier"": 2, ""cx"": 86, ""h"": 12, ""rx"": 12, ""rz"": 43}",12,99,252,111,25,86,0.0023121669655665755,"{""barrier"": 2, ""cx"": 86, ""rz"": 103, ""swap"": 25, ""sx"": 36}",2.106382978723404,1.2906976744186047,False,
maxcut_n12_p0.60_seed303,maxcut,12,43,data/instances_rq1_extended/maxcut_n12_p0.60_seed303.json,1,0.7,0.3,heavy_hex_like,34,17,True,1,123,12,47,155,86,"{""barrier"": 2, ""cx"": 86, ""h"": 12, ""rx"": 12, ""rz"": 43}",12,89,255,114,28,86,0.0021817500237375498,"{""barrier"": 2, ""cx"": 86, ""rz"": 103, ""swap"": 28, ""sx"": 36}",1.8936170212765957,1.3255813953488371,False,
maxcut_n12_p0.60_seed303,maxcut,12,43,data/instances_rq1_extended/maxcut_n12_p0.60_seed303.json,1,0.7,0.3,fully_connected,132,66,True,1,123,12,47,155,86,"{""barrier"": 2, ""cx"": 86, ""h"": 12, ""rx"": 12, ""rz"": 43}",12,53,227,86,0,86,0.0025013339472934604,"{""barrier"": 2, ""cx"": 86, ""rz"": 103, ""sx"": 36}",1.127659574468085,1.0,False,
maxcut_n16_p0.30_seed303,maxcut,16,35,data/instances_rq1_extended/maxcut_n16_p0.30_seed303.json,1,0.7,0.3,line,30,15,True,1,123,16,41,139,70,"{""barrier"": 2, ""cx"": 70, ""h"": 16, ""rx"": 16, ""rz"": 35}",16,67,283,118,48,70,0.0023455419577658176,"{""barrier"": 2, ""cx"": 70, ""rz"": 115, ""swap"": 48, ""sx"": 48}",1.6341463414634145,1.6857142857142857,False,
maxcut_n16_p0.30_seed303,maxcut,16,35,data/instances_rq1_extended/maxcut_n16_p0.30_seed303.json,1,0.7,0.3,grid_2d,48,24,True,1,123,16,41,139,70,"{""barrier"": 2, ""cx"": 70, ""h"": 16, ""rx"": 16, ""rz"": 35}",16,73,257,92,22,70,0.0027686249231919646,"{""barrier"": 2, ""cx"": 70, ""rz"": 115, ""swap"": 22, ""sx"": 48}",1.7804878048780488,1.3142857142857143,False,
maxcut_n16_p0.30_seed303,maxcut,16,35,data/instances_rq1_extended/maxcut_n16_p0.30_seed303.json,1,0.7,0.3,heavy_hex_like,46,23,True,1,123,16,41,139,70,"{""barrier"": 2, ""cx"": 70, ""h"": 16, ""rx"": 16, ""rz"": 35}",16,72,258,93,23,70,0.002467749989591539,"{""barrier"": 2, ""cx"": 70, ""rz"": 115, ""swap"": 23, ""sx"": 48}",1.7560975609756098,1.3285714285714285,False,
maxcut_n16_p0.30_seed303,maxcut,16,35,data/instances_rq1_extended/maxcut_n16_p0.30_seed303.json,1,0.7,0.3,fully_connected,240,120,True,1,123,16,41,139,70,"{""barrier"": 2, ""cx"": 70, ""h"": 16, ""rx"": 16, ""rz"": 35}",16,47,235,70,0,70,0.0028924160869792104,"{""barrier"": 2, ""cx"": 70, ""rz"": 115, ""sx"": 48}",1.146341463414634,1.0,False,
maxcut_n16_p0.60_seed303,maxcut,16,73,data/instances_rq1_extended/maxcut_n16_p0.60_seed303.json,1,0.7,0.3,line,30,15,True,1,123,16,74,253,146,"{""barrier"": 2, ""cx"": 146, ""h"": 16, ""rx"": 16, ""rz"": 73}",16,123,460,257,111,146,0.0028222919208928943,"{""barrier"": 2, ""cx"": 146, ""rz"": 153, ""swap"": 111, ""sx"": 48}",1.662162162162162,1.7602739726027397,False,
maxcut_n16_p0.60_seed303,maxcut,16,73,data/instances_rq1_extended/maxcut_n16_p0.60_seed303.json,1,0.7,0.3,grid_2d,48,24,True,1,123,16,74,253,146,"{""barrier"": 2, ""cx"": 146, ""h"": 16, ""rx"": 16, ""rz"": 73}",16,135,398,195,49,146,0.0026917920913547277,"{""barrier"": 2, ""cx"": 146, ""rz"": 153, ""swap"": 49, ""sx"": 48}",1.8243243243243243,1.3356164383561644,False,
maxcut_n16_p0.60_seed303,maxcut,16,73,data/instances_rq1_extended/maxcut_n16_p0.60_seed303.json,1,0.7,0.3,heavy_hex_like,46,23,True,1,123,16,74,253,146,"{""barrier"": 2, ""cx"": 146, ""h"": 16, ""rx"": 16, ""rz"": 73}",16,132,405,202,56,146,0.002516083070077002,"{""barrier"": 2, ""cx"": 146, ""rz"": 153, ""swap"": 56, ""sx"": 48}",1.7837837837837838,1.3835616438356164,False,
maxcut_n16_p0.60_seed303,maxcut,16,73,data/instances_rq1_extended/maxcut_n16_p0.60_seed303.json,1,0.7,0.3,fully_connected,240,120,True,1,123,16,74,253,146,"{""barrier"": 2, ""cx"": 146, ""h"": 16, ""rx"": 16, ""rz"": 73}",16,80,349,146,0,146,0.0027333750622346997,"{""barrier"": 2, ""cx"": 146, ""rz"": 153, ""sx"": 48}",1.0810810810810811,1.0,False,
maxcut_n24_p0.30_seed303,maxcut,24,83,data/instances_rq1_extended/maxcut_n24_p0.30_seed303.json,1,0.7,0.3,line,46,23,True,1,123,24,80,299,166,"{""barrier"": 2, ""cx"": 166, ""h"": 24, ""rx"": 24, ""rz"": 83}",24,154,683,406,240,166,0.003462166991084814,"{""barrier"": 2, ""cx"": 166, ""rz"": 203, ""swap"": 240, ""sx"": 72}",1.925,2.4457831325301207,False,
maxcut_n24_p0.30_seed303,maxcut,24,83,data/instances_rq1_extended/maxcut_n24_p0.30_seed303.json,1,0.7,0.3,grid_2d,76,38,True,1,123,24,80,299,166,"{""barrier"": 2, ""cx"": 166, ""h"": 24, ""rx"": 24, ""rz"": 83}",24,141,526,249,83,166,0.003335457993671298,"{""barrier"": 2, ""cx"": 166, ""rz"": 203, ""swap"": 83, ""sx"": 72}",1.7625,1.5,False,
maxcut_n24_p0.30_seed303,maxcut,24,83,data/instances_rq1_extended/maxcut_n24_p0.30_seed303.json,1,0.7,0.3,heavy_hex_like,72,36,True,1,123,24,80,299,166,"{""barrier"": 2, ""cx"": 166, ""h"": 24, ""rx"": 24, ""rz"": 83}",24,173,568,291,125,166,0.0035184589214622974,"{""barrier"": 2, ""cx"": 166, ""rz"": 203, ""swap"": 125, ""sx"": 72}",2.1625,1.7530120481927711,False,
maxcut_n24_p0.30_seed303,maxcut,24,83,data/instances_rq1_extended/maxcut_n24_p0.30_seed303.json,1,0.7,0.3,fully_connected,552,276,True,1,123,24,80,299,166,"{""barrier"": 2, ""cx"": 166, ""h"": 24, ""rx"": 24, ""rz"": 83}",24,86,443,166,0,166,0.004337708931416273,"{""barrier"": 2, ""cx"": 166, ""rz"": 203, ""sx"": 72}",1.075,1.0,False,
maxcut_n24_p0.60_seed303,maxcut,24,170,data/instances_rq1_extended/maxcut_n24_p0.60_seed303.json,1,0.7,0.3,line,46,23,True,1,123,24,119,560,340,"{""barrier"": 2, ""cx"": 340, ""h"": 24, ""rx"": 24, ""rz"": 170}",24,205,990,626,286,340,0.003940208000130951,"{""barrier"": 2, ""cx"": 340, ""rz"": 290, ""swap"": 286, ""sx"": 72}",1.7226890756302522,1.8411764705882352,False,
maxcut_n24_p0.60_seed303,maxcut,24,170,data/instances_rq1_extended/maxcut_n24_p0.60_seed303.json,1,0.7,0.3,grid_2d,76,38,True,1,123,24,119,560,340,"{""barrier"": 2, ""cx"": 340, ""h"": 24, ""rx"": 24, ""rz"": 170}",24,251,854,490,150,340,0.0037636669585481286,"{""barrier"": 2, ""cx"": 340, ""rz"": 290, ""swap"": 150, ""sx"": 72}",2.1092436974789917,1.4411764705882353,False,
maxcut_n24_p0.60_seed303,maxcut,24,170,data/instances_rq1_extended/maxcut_n24_p0.60_seed303.json,1,0.7,0.3,heavy_hex_like,72,36,True,1,123,24,119,560,340,"{""barrier"": 2, ""cx"": 340, ""h"": 24, ""rx"": 24, ""rz"": 170}",24,268,876,512,172,340,0.003918082918971777,"{""barrier"": 2, ""cx"": 340, ""rz"": 290, ""swap"": 172, ""sx"": 72}",2.2521008403361344,1.5058823529411764,False,
maxcut_n24_p0.60_seed303,maxcut,24,170,data/instances_rq1_extended/maxcut_n24_p0.60_seed303.json,1,0.7,0.3,fully_connected,552,276,True,1,123,24,119,560,340,"{""barrier"": 2, ""cx"": 340, ""h"": 24, ""rx"": 24, ""rz"": 170}",24,125,704,340,0,340,0.004455166985280812,"{""barrier"": 2, ""cx"": 340, ""rz"": 290, ""sx"": 72}",1.050420168067227,1.0,False,
maxcut_n32_p0.30_seed303,maxcut,32,148,data/instances_rq1_extended/maxcut_n32_p0.30_seed303.json,1,0.7,0.3,line,62,31,True,1,123,32,98,510,296,"{""barrier"": 2, ""cx"": 296, ""h"": 32, ""rx"": 32, ""rz"": 148}",32,231,1231,825,529,296,0.004840875044465065,"{""barrier"": 2, ""cx"": 296, ""rz"": 308, ""swap"": 529, ""sx"": 96}",2.357142857142857,2.7871621621621623,False,
maxcut_n32_p0.30_seed303,maxcut,32,148,data/instances_rq1_extended/maxcut_n32_p0.30_seed303.json,1,0.7,0.3,grid_2d,104,52,True,1,123,32,98,510,296,"{""barrier"": 2, ""cx"": 296, ""h"": 32, ""rx"": 32, ""rz"": 148}",32,255,874,468,172,296,0.004250583006069064,"{""barrier"": 2, ""cx"": 296, ""rz"": 308, ""swap"": 172, ""sx"": 96}",2.6020408163265305,1.5810810810810811,False,
maxcut_n32_p0.30_seed303,maxcut,32,148,data/instances_rq1_extended/maxcut_n32_p0.30_seed303.json,1,0.7,0.3,heavy_hex_like,96,48,True,1,123,32,98,510,296,"{""barrier"": 2, ""cx"": 296, ""h"": 32, ""rx"": 32, ""rz"": 148}",32,255,969,563,267,296,0.004705082974396646,"{""barrier"": 2, ""cx"": 296, ""rz"": 308, ""swap"": 267, ""sx"": 96}",2.6020408163265305,1.902027027027027,False,
maxcut_n32_p0.30_seed303,maxcut,32,148,data/instances_rq1_extended/maxcut_n32_p0.30_seed303.json,1,0.7,0.3,fully_connected,992,496,True,1,123,32,98,510,296,"{""barrier"": 2, ""cx"": 296, ""h"": 32, ""rx"": 32, ""rz"": 148}",32,104,702,296,0,296,0.006595959072001278,"{""barrier"": 2, ""cx"": 296, ""rz"": 308, ""sx"": 96}",1.0612244897959184,1.0,False,
maxcut_n32_p0.60_seed303,maxcut,32,301,data/instances_rq1_extended/maxcut_n32_p0.60_seed303.json,1,0.7,0.3,line,62,31,True,1,123,32,170,969,602,"{""barrier"": 2, ""cx"": 602, ""h"": 32, ""rx"": 32, ""rz"": 301}",32,329,1733,1174,572,602,0.005514042102731764,"{""barrier"": 2, ""cx"": 602, ""rz"": 461, ""swap"": 572, ""sx"": 96}",1.9352941176470588,1.9501661129568106,False,
maxcut_n32_p0.60_seed303,maxcut,32,301,data/instances_rq1_extended/maxcut_n32_p0.60_seed303.json,1,0.7,0.3,grid_2d,104,52,True,1,123,32,170,969,602,"{""barrier"": 2, ""cx"": 602, ""h"": 32, ""rx"": 32, ""rz"": 301}",32,374,1466,907,305,602,0.005218792008236051,"{""barrier"": 2, ""cx"": 602, ""rz"": 461, ""swap"": 305, ""sx"": 96}",2.2,1.5066445182724253,False,
maxcut_n32_p0.60_seed303,maxcut,32,301,data/instances_rq1_extended/maxcut_n32_p0.60_seed303.json,1,0.7,0.3,heavy_hex_like,96,48,True,1,123,32,170,969,602,"{""barrier"": 2, ""cx"": 602, ""h"": 32, ""rx"": 32, ""rz"": 301}",32,416,1509,950,348,602,0.005792916985228658,"{""barrier"": 2, ""cx"": 602, ""rz"": 461, ""swap"": 348, ""sx"": 96}",2.447058823529412,1.5780730897009967,False,
maxcut_n32_p0.60_seed303,maxcut,32,301,data/instances_rq1_extended/maxcut_n32_p0.60_seed303.json,1,0.7,0.3,fully_connected,992,496,True,1,123,32,170,969,602,"{""barrier"": 2, ""cx"": 602, ""h"": 32, ""rx"": 32, ""rz"": 301}",32,176,1161,602,0,602,0.006802709074690938,"{""barrier"": 2, ""cx"": 602, ""rz"": 461, ""sx"": 96}",1.035294117647059,1.0,False,
assignment_items4_bins2_seed101,assignment,8,4,data/instances_rq1_extended/assignment_items4_bins2_seed101.json,1,0.7,0.3,line,14,7,True,1,123,8,6,38,8,"{""barrier"": 2, ""cx"": 8, ""h"": 8, ""rx"": 8, ""rz"": 12}",8,12,86,8,0,8,0.0015996249858289957,"{""barrier"": 2, ""cx"": 8, ""rz"": 52, ""sx"": 24}",2.0,1.0,False,
assignment_items4_bins2_seed101,assignment,8,4,data/instances_rq1_extended/assignment_items4_bins2_seed101.json,1,0.7,0.3,grid_2d,20,10,True,1,123,8,6,38,8,"{""barrier"": 2, ""cx"": 8, ""h"": 8, ""rx"": 8, ""rz"": 12}",8,12,86,8,0,8,0.0015782919945195317,"{""barrier"": 2, ""cx"": 8, ""rz"": 52, ""sx"": 24}",2.0,1.0,False,
assignment_items4_bins2_seed101,assignment,8,4,data/instances_rq1_extended/assignment_items4_bins2_seed101.json,1,0.7,0.3,heavy_hex_like,20,10,True,1,123,8,6,38,8,"{""barrier"": 2, ""cx"": 8, ""h"": 8, ""rx"": 8, ""rz"": 12}",8,12,86,8,0,8,0.001439874991774559,"{""barrier"": 2, ""cx"": 8, ""rz"": 52, ""sx"": 24}",2.0,1.0,False,
assignment_items4_bins2_seed101,assignment,8,4,data/instances_rq1_extended/assignment_items4_bins2_seed101.json,1,0.7,0.3,fully_connected,56,28,True,1,123,8,6,38,8,"{""barrier"": 2, ""cx"": 8, ""h"": 8, ""rx"": 8, ""rz"": 12}",8,12,86,8,0,8,0.001638708054088056,"{""barrier"": 2, ""cx"": 8, ""rz"": 52, ""sx"": 24}",2.0,1.0,False,
assignment_items6_bins2_seed101,assignment,12,6,data/instances_rq1_extended/assignment_items6_bins2_seed101.json,1,0.7,0.3,line,22,11,True,1,123,12,6,56,12,"{""barrier"": 2, ""cx"": 12, ""h"": 12, ""rx"": 12, ""rz"": 18}",12,12,128,12,0,12,0.0016005419893190265,"{""barrier"": 2, ""cx"": 12, ""rz"": 78, ""sx"": 36}",2.0,1.0,False,
assignment_items6_bins2_seed101,assignment,12,6,data/instances_rq1_extended/assignment_items6_bins2_seed101.json,1,0.7,0.3,grid_2d,34,17,True,1,123,12,6,56,12,"{""barrier"": 2, ""cx"": 12, ""h"": 12, ""rx"": 12, ""rz"": 18}",12,12,128,12,0,12,0.001573040965013206,"{""barrier"": 2, ""cx"": 12, ""rz"": 78, ""sx"": 36}",2.0,1.0,False,
assignment_items6_bins2_seed101,assignment,12,6,data/instances_rq1_extended/assignment_items6_bins2_seed101.json,1,0.7,0.3,heavy_hex_like,34,17,True,1,123,12,6,56,12,"{""barrier"": 2, ""cx"": 12, ""h"": 12, ""rx"": 12, ""rz"": 18}",12,12,128,12,0,12,0.001542750047519803,"{""barrier"": 2, ""cx"": 12, ""rz"": 78, ""sx"": 36}",2.0,1.0,False,
assignment_items6_bins2_seed101,assignment,12,6,data/instances_rq1_extended/assignment_items6_bins2_seed101.json,1,0.7,0.3,fully_connected,132,66,True,1,123,12,6,56,12,"{""barrier"": 2, ""cx"": 12, ""h"": 12, ""rx"": 12, ""rz"": 18}",12,12,128,12,0,12,0.0019707910250872374,"{""barrier"": 2, ""cx"": 12, ""rz"": 78, ""sx"": 36}",2.0,1.0,False,
assignment_items8_bins2_seed101,assignment,16,8,data/instances_rq1_extended/assignment_items8_bins2_seed101.json,1,0.7,0.3,line,30,15,True,1,123,16,6,74,16,"{""barrier"": 2, ""cx"": 16, ""h"": 16, ""rx"": 16, ""rz"": 24}",16,12,170,16,0,16,0.0016094999155029655,"{""barrier"": 2, ""cx"": 16, ""rz"": 104, ""sx"": 48}",2.0,1.0,False,
assignment_items8_bins2_seed101,assignment,16,8,data/instances_rq1_extended/assignment_items8_bins2_seed101.json,1,0.7,0.3,grid_2d,48,24,True,1,123,16,6,74,16,"{""barrier"": 2, ""cx"": 16, ""h"": 16, ""rx"": 16, ""rz"": 24}",16,12,170,16,0,16,0.0016726660542190075,"{""barrier"": 2, ""cx"": 16, ""rz"": 104, ""sx"": 48}",2.0,1.0,False,
assignment_items8_bins2_seed101,assignment,16,8,data/instances_rq1_extended/assignment_items8_bins2_seed101.json,1,0.7,0.3,heavy_hex_like,46,23,True,1,123,16,6,74,16,"{""barrier"": 2, ""cx"": 16, ""h"": 16, ""rx"": 16, ""rz"": 24}",16,12,170,16,0,16,0.0016434169374406338,"{""barrier"": 2, ""cx"": 16, ""rz"": 104, ""sx"": 48}",2.0,1.0,False,
assignment_items8_bins2_seed101,assignment,16,8,data/instances_rq1_extended/assignment_items8_bins2_seed101.json,1,0.7,0.3,fully_connected,240,120,True,1,123,16,6,74,16,"{""barrier"": 2, ""cx"": 16, ""h"": 16, ""rx"": 16, ""rz"": 24}",16,12,170,16,0,16,0.002483332995325327,"{""barrier"": 2, ""cx"": 16, ""rz"": 104, ""sx"": 48}",2.0,1.0,False,
assignment_items12_bins2_seed101,assignment,24,12,data/instances_rq1_extended/assignment_items12_bins2_seed101.json,1,0.7,0.3,line,46,23,True,1,123,24,6,110,24,"{""barrier"": 2, ""cx"": 24, ""h"": 24, ""rx"": 24, ""rz"": 36}",24,12,254,24,0,24,0.0018422499997541308,"{""barrier"": 2, ""cx"": 24, ""rz"": 156, ""sx"": 72}",2.0,1.0,False,
assignment_items12_bins2_seed101,assignment,24,12,data/instances_rq1_extended/assignment_items12_bins2_seed101.json,1,0.7,0.3,grid_2d,76,38,True,1,123,24,6,110,24,"{""barrier"": 2, ""cx"": 24, ""h"": 24, ""rx"": 24, ""rz"": 36}",24,12,254,24,0,24,0.007287541986443102,"{""barrier"": 2, ""cx"": 24, ""rz"": 156, ""sx"": 72}",2.0,1.0,False,
assignment_items12_bins2_seed101,assignment,24,12,data/instances_rq1_extended/assignment_items12_bins2_seed101.json,1,0.7,0.3,heavy_hex_like,72,36,True,1,123,24,6,110,24,"{""barrier"": 2, ""cx"": 24, ""h"": 24, ""rx"": 24, ""rz"": 36}",24,12,254,24,0,24,0.001936458982527256,"{""barrier"": 2, ""cx"": 24, ""rz"": 156, ""sx"": 72}",2.0,1.0,False,
assignment_items12_bins2_seed101,assignment,24,12,data/instances_rq1_extended/assignment_items12_bins2_seed101.json,1,0.7,0.3,fully_connected,552,276,True,1,123,24,6,110,24,"{""barrier"": 2, ""cx"": 24, ""h"": 24, ""rx"": 24, ""rz"": 36}",24,12,254,24,0,24,0.004041124950163066,"{""barrier"": 2, ""cx"": 24, ""rz"": 156, ""sx"": 72}",2.0,1.0,False,
assignment_items16_bins2_seed101,assignment,32,16,data/instances_rq1_extended/assignment_items16_bins2_seed101.json,1,0.7,0.3,line,62,31,True,1,123,32,6,146,32,"{""barrier"": 2, ""cx"": 32, ""h"": 32, ""rx"": 32, ""rz"": 48}",32,12,338,32,0,32,0.002088958048261702,"{""barrier"": 2, ""cx"": 32, ""rz"": 208, ""sx"": 96}",2.0,1.0,False,
assignment_items16_bins2_seed101,assignment,32,16,data/instances_rq1_extended/assignment_items16_bins2_seed101.json,1,0.7,0.3,grid_2d,104,52,True,1,123,32,6,146,32,"{""barrier"": 2, ""cx"": 32, ""h"": 32, ""rx"": 32, ""rz"": 48}",32,12,338,32,0,32,0.0021892909426242113,"{""barrier"": 2, ""cx"": 32, ""rz"": 208, ""sx"": 96}",2.0,1.0,False,
assignment_items16_bins2_seed101,assignment,32,16,data/instances_rq1_extended/assignment_items16_bins2_seed101.json,1,0.7,0.3,heavy_hex_like,96,48,True,1,123,32,6,146,32,"{""barrier"": 2, ""cx"": 32, ""h"": 32, ""rx"": 32, ""rz"": 48}",32,12,338,32,0,32,0.0022122920490801334,"{""barrier"": 2, ""cx"": 32, ""rz"": 208, ""sx"": 96}",2.0,1.0,False,
assignment_items16_bins2_seed101,assignment,32,16,data/instances_rq1_extended/assignment_items16_bins2_seed101.json,1,0.7,0.3,fully_connected,992,496,True,1,123,32,6,146,32,"{""barrier"": 2, ""cx"": 32, ""h"": 32, ""rx"": 32, ""rz"": 48}",32,12,338,32,0,32,0.006273083039559424,"{""barrier"": 2, ""cx"": 32, ""rz"": 208, ""sx"": 96}",2.0,1.0,False,
assignment_items4_bins2_seed202,assignment,8,4,data/instances_rq1_extended/assignment_items4_bins2_seed202.json,1,0.7,0.3,line,14,7,True,1,123,8,6,38,8,"{""barrier"": 2, ""cx"": 8, ""h"": 8, ""rx"": 8, ""rz"": 12}",8,12,86,8,0,8,0.0014333749422803521,"{""barrier"": 2, ""cx"": 8, ""rz"": 52, ""sx"": 24}",2.0,1.0,False,
assignment_items4_bins2_seed202,assignment,8,4,data/instances_rq1_extended/assignment_items4_bins2_seed202.json,1,0.7,0.3,grid_2d,20,10,True,1,123,8,6,38,8,"{""barrier"": 2, ""cx"": 8, ""h"": 8, ""rx"": 8, ""rz"": 12}",8,12,86,8,0,8,0.0015049580251798034,"{""barrier"": 2, ""cx"": 8, ""rz"": 52, ""sx"": 24}",2.0,1.0,False,
assignment_items4_bins2_seed202,assignment,8,4,data/instances_rq1_extended/assignment_items4_bins2_seed202.json,1,0.7,0.3,heavy_hex_like,20,10,True,1,123,8,6,38,8,"{""barrier"": 2, ""cx"": 8, ""h"": 8, ""rx"": 8, ""rz"": 12}",8,12,86,8,0,8,0.0014676660066470504,"{""barrier"": 2, ""cx"": 8, ""rz"": 52, ""sx"": 24}",2.0,1.0,False,
assignment_items4_bins2_seed202,assignment,8,4,data/instances_rq1_extended/assignment_items4_bins2_seed202.json,1,0.7,0.3,fully_connected,56,28,True,1,123,8,6,38,8,"{""barrier"": 2, ""cx"": 8, ""h"": 8, ""rx"": 8, ""rz"": 12}",8,12,86,8,0,8,0.0016501659993082285,"{""barrier"": 2, ""cx"": 8, ""rz"": 52, ""sx"": 24}",2.0,1.0,False,
assignment_items6_bins2_seed202,assignment,12,6,data/instances_rq1_extended/assignment_items6_bins2_seed202.json,1,0.7,0.3,line,22,11,True,1,123,12,6,56,12,"{""barrier"": 2, ""cx"": 12, ""h"": 12, ""rx"": 12, ""rz"": 18}",12,12,128,12,0,12,0.0014653339749202132,"{""barrier"": 2, ""cx"": 12, ""rz"": 78, ""sx"": 36}",2.0,1.0,False,
assignment_items6_bins2_seed202,assignment,12,6,data/instances_rq1_extended/assignment_items6_bins2_seed202.json,1,0.7,0.3,grid_2d,34,17,True,1,123,12,6,56,12,"{""barrier"": 2, ""cx"": 12, ""h"": 12, ""rx"": 12, ""rz"": 18}",12,12,128,12,0,12,0.0015557920560240746,"{""barrier"": 2, ""cx"": 12, ""rz"": 78, ""sx"": 36}",2.0,1.0,False,
assignment_items6_bins2_seed202,assignment,12,6,data/instances_rq1_extended/assignment_items6_bins2_seed202.json,1,0.7,0.3,heavy_hex_like,34,17,True,1,123,12,6,56,12,"{""barrier"": 2, ""cx"": 12, ""h"": 12, ""rx"": 12, ""rz"": 18}",12,12,128,12,0,12,0.0016018750611692667,"{""barrier"": 2, ""cx"": 12, ""rz"": 78, ""sx"": 36}",2.0,1.0,False,
assignment_items6_bins2_seed202,assignment,12,6,data/instances_rq1_extended/assignment_items6_bins2_seed202.json,1,0.7,0.3,fully_connected,132,66,True,1,123,12,6,56,12,"{""barrier"": 2, ""cx"": 12, ""h"": 12, ""rx"": 12, ""rz"": 18}",12,12,128,12,0,12,0.0019681670237332582,"{""barrier"": 2, ""cx"": 12, ""rz"": 78, ""sx"": 36}",2.0,1.0,False,
assignment_items8_bins2_seed202,assignment,16,8,data/instances_rq1_extended/assignment_items8_bins2_seed202.json,1,0.7,0.3,line,30,15,True,1,123,16,6,74,16,"{""barrier"": 2, ""cx"": 16, ""h"": 16, ""rx"": 16, ""rz"": 24}",16,12,170,16,0,16,0.0015679160133004189,"{""barrier"": 2, ""cx"": 16, ""rz"": 104, ""sx"": 48}",2.0,1.0,False,
assignment_items8_bins2_seed202,assignment,16,8,data/instances_rq1_extended/assignment_items8_bins2_seed202.json,1,0.7,0.3,grid_2d,48,24,True,1,123,16,6,74,16,"{""barrier"": 2, ""cx"": 16, ""h"": 16, ""rx"": 16, ""rz"": 24}",16,12,170,16,0,16,0.001707957941107452,"{""barrier"": 2, ""cx"": 16, ""rz"": 104, ""sx"": 48}",2.0,1.0,False,
assignment_items8_bins2_seed202,assignment,16,8,data/instances_rq1_extended/assignment_items8_bins2_seed202.json,1,0.7,0.3,heavy_hex_like,46,23,True,1,123,16,6,74,16,"{""barrier"": 2, ""cx"": 16, ""h"": 16, ""rx"": 16, ""rz"": 24}",16,12,170,16,0,16,0.001670417026616633,"{""barrier"": 2, ""cx"": 16, ""rz"": 104, ""sx"": 48}",2.0,1.0,False,
assignment_items8_bins2_seed202,assignment,16,8,data/instances_rq1_extended/assignment_items8_bins2_seed202.json,1,0.7,0.3,fully_connected,240,120,True,1,123,16,6,74,16,"{""barrier"": 2, ""cx"": 16, ""h"": 16, ""rx"": 16, ""rz"": 24}",16,12,170,16,0,16,0.002478291979059577,"{""barrier"": 2, ""cx"": 16, ""rz"": 104, ""sx"": 48}",2.0,1.0,False,
assignment_items12_bins2_seed202,assignment,24,12,data/instances_rq1_extended/assignment_items12_bins2_seed202.json,1,0.7,0.3,line,46,23,True,1,123,24,6,110,24,"{""barrier"": 2, ""cx"": 24, ""h"": 24, ""rx"": 24, ""rz"": 36}",24,12,254,24,0,24,0.0018653749721124768,"{""barrier"": 2, ""cx"": 24, ""rz"": 156, ""sx"": 72}",2.0,1.0,False,
assignment_items12_bins2_seed202,assignment,24,12,data/instances_rq1_extended/assignment_items12_bins2_seed202.json,1,0.7,0.3,grid_2d,76,38,True,1,123,24,6,110,24,"{""barrier"": 2, ""cx"": 24, ""h"": 24, ""rx"": 24, ""rz"": 36}",24,12,254,24,0,24,0.007235749973915517,"{""barrier"": 2, ""cx"": 24, ""rz"": 156, ""sx"": 72}",2.0,1.0,False,
assignment_items12_bins2_seed202,assignment,24,12,data/instances_rq1_extended/assignment_items12_bins2_seed202.json,1,0.7,0.3,heavy_hex_like,72,36,True,1,123,24,6,110,24,"{""barrier"": 2, ""cx"": 24, ""h"": 24, ""rx"": 24, ""rz"": 36}",24,12,254,24,0,24,0.0019036669982597232,"{""barrier"": 2, ""cx"": 24, ""rz"": 156, ""sx"": 72}",2.0,1.0,False,
assignment_items12_bins2_seed202,assignment,24,12,data/instances_rq1_extended/assignment_items12_bins2_seed202.json,1,0.7,0.3,fully_connected,552,276,True,1,123,24,6,110,24,"{""barrier"": 2, ""cx"": 24, ""h"": 24, ""rx"": 24, ""rz"": 36}",24,12,254,24,0,24,0.004170667030848563,"{""barrier"": 2, ""cx"": 24, ""rz"": 156, ""sx"": 72}",2.0,1.0,False,
assignment_items16_bins2_seed202,assignment,32,16,data/instances_rq1_extended/assignment_items16_bins2_seed202.json,1,0.7,0.3,line,62,31,True,1,123,32,6,146,32,"{""barrier"": 2, ""cx"": 32, ""h"": 32, ""rx"": 32, ""rz"": 48}",32,12,338,32,0,32,0.0020855419570580125,"{""barrier"": 2, ""cx"": 32, ""rz"": 208, ""sx"": 96}",2.0,1.0,False,
assignment_items16_bins2_seed202,assignment,32,16,data/instances_rq1_extended/assignment_items16_bins2_seed202.json,1,0.7,0.3,grid_2d,104,52,True,1,123,32,6,146,32,"{""barrier"": 2, ""cx"": 32, ""h"": 32, ""rx"": 32, ""rz"": 48}",32,12,338,32,0,32,0.00232979201246053,"{""barrier"": 2, ""cx"": 32, ""rz"": 208, ""sx"": 96}",2.0,1.0,False,
assignment_items16_bins2_seed202,assignment,32,16,data/instances_rq1_extended/assignment_items16_bins2_seed202.json,1,0.7,0.3,heavy_hex_like,96,48,True,1,123,32,6,146,32,"{""barrier"": 2, ""cx"": 32, ""h"": 32, ""rx"": 32, ""rz"": 48}",32,12,338,32,0,32,0.002212124993093312,"{""barrier"": 2, ""cx"": 32, ""rz"": 208, ""sx"": 96}",2.0,1.0,False,
assignment_items16_bins2_seed202,assignment,32,16,data/instances_rq1_extended/assignment_items16_bins2_seed202.json,1,0.7,0.3,fully_connected,992,496,True,1,123,32,6,146,32,"{""barrier"": 2, ""cx"": 32, ""h"": 32, ""rx"": 32, ""rz"": 48}",32,12,338,32,0,32,0.00608500000089407,"{""barrier"": 2, ""cx"": 32, ""rz"": 208, ""sx"": 96}",2.0,1.0,False,
assignment_items4_bins2_seed303,assignment,8,4,data/instances_rq1_extended/assignment_items4_bins2_seed303.json,1,0.7,0.3,line,14,7,True,1,123,8,6,38,8,"{""barrier"": 2, ""cx"": 8, ""h"": 8, ""rx"": 8, ""rz"": 12}",8,12,86,8,0,8,0.001492041046731174,"{""barrier"": 2, ""cx"": 8, ""rz"": 52, ""sx"": 24}",2.0,1.0,False,
assignment_items4_bins2_seed303,assignment,8,4,data/instances_rq1_extended/assignment_items4_bins2_seed303.json,1,0.7,0.3,grid_2d,20,10,True,1,123,8,6,38,8,"{""barrier"": 2, ""cx"": 8, ""h"": 8, ""rx"": 8, ""rz"": 12}",8,12,86,8,0,8,0.0015082500176504254,"{""barrier"": 2, ""cx"": 8, ""rz"": 52, ""sx"": 24}",2.0,1.0,False,
assignment_items4_bins2_seed303,assignment,8,4,data/instances_rq1_extended/assignment_items4_bins2_seed303.json,1,0.7,0.3,heavy_hex_like,20,10,True,1,123,8,6,38,8,"{""barrier"": 2, ""cx"": 8, ""h"": 8, ""rx"": 8, ""rz"": 12}",8,12,86,8,0,8,0.0014109170297160745,"{""barrier"": 2, ""cx"": 8, ""rz"": 52, ""sx"": 24}",2.0,1.0,False,
assignment_items4_bins2_seed303,assignment,8,4,data/instances_rq1_extended/assignment_items4_bins2_seed303.json,1,0.7,0.3,fully_connected,56,28,True,1,123,8,6,38,8,"{""barrier"": 2, ""cx"": 8, ""h"": 8, ""rx"": 8, ""rz"": 12}",8,12,86,8,0,8,0.0015178750036284328,"{""barrier"": 2, ""cx"": 8, ""rz"": 52, ""sx"": 24}",2.0,1.0,False,
assignment_items6_bins2_seed303,assignment,12,6,data/instances_rq1_extended/assignment_items6_bins2_seed303.json,1,0.7,0.3,line,22,11,True,1,123,12,6,56,12,"{""barrier"": 2, ""cx"": 12, ""h"": 12, ""rx"": 12, ""rz"": 18}",12,12,128,12,0,12,0.0015727919526398182,"{""barrier"": 2, ""cx"": 12, ""rz"": 78, ""sx"": 36}",2.0,1.0,False,
assignment_items6_bins2_seed303,assignment,12,6,data/instances_rq1_extended/assignment_items6_bins2_seed303.json,1,0.7,0.3,grid_2d,34,17,True,1,123,12,6,56,12,"{""barrier"": 2, ""cx"": 12, ""h"": 12, ""rx"": 12, ""rz"": 18}",12,12,128,12,0,12,0.001565124955959618,"{""barrier"": 2, ""cx"": 12, ""rz"": 78, ""sx"": 36}",2.0,1.0,False,
assignment_items6_bins2_seed303,assignment,12,6,data/instances_rq1_extended/assignment_items6_bins2_seed303.json,1,0.7,0.3,heavy_hex_like,34,17,True,1,123,12,6,56,12,"{""barrier"": 2, ""cx"": 12, ""h"": 12, ""rx"": 12, ""rz"": 18}",12,12,128,12,0,12,0.0016119579086080194,"{""barrier"": 2, ""cx"": 12, ""rz"": 78, ""sx"": 36}",2.0,1.0,False,
assignment_items6_bins2_seed303,assignment,12,6,data/instances_rq1_extended/assignment_items6_bins2_seed303.json,1,0.7,0.3,fully_connected,132,66,True,1,123,12,6,56,12,"{""barrier"": 2, ""cx"": 12, ""h"": 12, ""rx"": 12, ""rz"": 18}",12,12,128,12,0,12,0.0019399169832468033,"{""barrier"": 2, ""cx"": 12, ""rz"": 78, ""sx"": 36}",2.0,1.0,False,
assignment_items8_bins2_seed303,assignment,16,8,data/instances_rq1_extended/assignment_items8_bins2_seed303.json,1,0.7,0.3,line,30,15,True,1,123,16,6,74,16,"{""barrier"": 2, ""cx"": 16, ""h"": 16, ""rx"": 16, ""rz"": 24}",16,12,170,16,0,16,0.0016280000563710928,"{""barrier"": 2, ""cx"": 16, ""rz"": 104, ""sx"": 48}",2.0,1.0,False,
assignment_items8_bins2_seed303,assignment,16,8,data/instances_rq1_extended/assignment_items8_bins2_seed303.json,1,0.7,0.3,grid_2d,48,24,True,1,123,16,6,74,16,"{""barrier"": 2, ""cx"": 16, ""h"": 16, ""rx"": 16, ""rz"": 24}",16,12,170,16,0,16,0.001633749925531447,"{""barrier"": 2, ""cx"": 16, ""rz"": 104, ""sx"": 48}",2.0,1.0,False,
assignment_items8_bins2_seed303,assignment,16,8,data/instances_rq1_extended/assignment_items8_bins2_seed303.json,1,0.7,0.3,heavy_hex_like,46,23,True,1,123,16,6,74,16,"{""barrier"": 2, ""cx"": 16, ""h"": 16, ""rx"": 16, ""rz"": 24}",16,12,170,16,0,16,0.0016495840391144156,"{""barrier"": 2, ""cx"": 16, ""rz"": 104, ""sx"": 48}",2.0,1.0,False,
assignment_items8_bins2_seed303,assignment,16,8,data/instances_rq1_extended/assignment_items8_bins2_seed303.json,1,0.7,0.3,fully_connected,240,120,True,1,123,16,6,74,16,"{""barrier"": 2, ""cx"": 16, ""h"": 16, ""rx"": 16, ""rz"": 24}",16,12,170,16,0,16,0.0024544169427827,"{""barrier"": 2, ""cx"": 16, ""rz"": 104, ""sx"": 48}",2.0,1.0,False,
assignment_items12_bins2_seed303,assignment,24,12,data/instances_rq1_extended/assignment_items12_bins2_seed303.json,1,0.7,0.3,line,46,23,True,1,123,24,6,110,24,"{""barrier"": 2, ""cx"": 24, ""h"": 24, ""rx"": 24, ""rz"": 36}",24,12,254,24,0,24,0.0017646660562604666,"{""barrier"": 2, ""cx"": 24, ""rz"": 156, ""sx"": 72}",2.0,1.0,False,
assignment_items12_bins2_seed303,assignment,24,12,data/instances_rq1_extended/assignment_items12_bins2_seed303.json,1,0.7,0.3,grid_2d,76,38,True,1,123,24,6,110,24,"{""barrier"": 2, ""cx"": 24, ""h"": 24, ""rx"": 24, ""rz"": 36}",24,12,254,24,0,24,0.007237458950839937,"{""barrier"": 2, ""cx"": 24, ""rz"": 156, ""sx"": 72}",2.0,1.0,False,
assignment_items12_bins2_seed303,assignment,24,12,data/instances_rq1_extended/assignment_items12_bins2_seed303.json,1,0.7,0.3,heavy_hex_like,72,36,True,1,123,24,6,110,24,"{""barrier"": 2, ""cx"": 24, ""h"": 24, ""rx"": 24, ""rz"": 36}",24,12,254,24,0,24,0.0020022500539198518,"{""barrier"": 2, ""cx"": 24, ""rz"": 156, ""sx"": 72}",2.0,1.0,False,
assignment_items12_bins2_seed303,assignment,24,12,data/instances_rq1_extended/assignment_items12_bins2_seed303.json,1,0.7,0.3,fully_connected,552,276,True,1,123,24,6,110,24,"{""barrier"": 2, ""cx"": 24, ""h"": 24, ""rx"": 24, ""rz"": 36}",24,12,254,24,0,24,0.004087667097337544,"{""barrier"": 2, ""cx"": 24, ""rz"": 156, ""sx"": 72}",2.0,1.0,False,
assignment_items16_bins2_seed303,assignment,32,16,data/instances_rq1_extended/assignment_items16_bins2_seed303.json,1,0.7,0.3,line,62,31,True,1,123,32,6,146,32,"{""barrier"": 2, ""cx"": 32, ""h"": 32, ""rx"": 32, ""rz"": 48}",32,12,338,32,0,32,0.0020809589186683297,"{""barrier"": 2, ""cx"": 32, ""rz"": 208, ""sx"": 96}",2.0,1.0,False,
assignment_items16_bins2_seed303,assignment,32,16,data/instances_rq1_extended/assignment_items16_bins2_seed303.json,1,0.7,0.3,grid_2d,104,52,True,1,123,32,6,146,32,"{""barrier"": 2, ""cx"": 32, ""h"": 32, ""rx"": 32, ""rz"": 48}",32,12,338,32,0,32,0.0022230830509215593,"{""barrier"": 2, ""cx"": 32, ""rz"": 208, ""sx"": 96}",2.0,1.0,False,
assignment_items16_bins2_seed303,assignment,32,16,data/instances_rq1_extended/assignment_items16_bins2_seed303.json,1,0.7,0.3,heavy_hex_like,96,48,True,1,123,32,6,146,32,"{""barrier"": 2, ""cx"": 32, ""h"": 32, ""rx"": 32, ""rz"": 48}",32,12,338,32,0,32,0.0021862919675186276,"{""barrier"": 2, ""cx"": 32, ""rz"": 208, ""sx"": 96}",2.0,1.0,False,
assignment_items16_bins2_seed303,assignment,32,16,data/instances_rq1_extended/assignment_items16_bins2_seed303.json,1,0.7,0.3,fully_connected,992,496,True,1,123,32,6,146,32,"{""barrier"": 2, ""cx"": 32, ""h"": 32, ""rx"": 32, ""rz"": 48}",32,12,338,32,0,32,0.006274624960497022,"{""barrier"": 2, ""cx"": 32, ""rz"": 208, ""sx"": 96}",2.0,1.0,False,
scheduling_ops4_machines2_conf0.35_seed101,scheduling_toy,8,8,data/instances_rq1_extended/scheduling_ops4_machines2_conf0.35_seed101.json,1,0.7,0.3,line,14,7,True,1,123,8,9,50,16,"{""barrier"": 2, ""cx"": 16, ""h"": 8, ""rx"": 8, ""rz"": 16}",8,16,100,18,2,16,0.0017159580020233989,"{""barrier"": 2, ""cx"": 16, ""rz"": 56, ""swap"": 2, ""sx"": 24}",1.7777777777777777,1.125,False,
scheduling_ops4_machines2_conf0.35_seed101,scheduling_toy,8,8,data/instances_rq1_extended/scheduling_ops4_machines2_conf0.35_seed101.json,1,0.7,0.3,grid_2d,20,10,True,1,123,8,9,50,16,"{""barrier"": 2, ""cx"": 16, ""h"": 8, ""rx"": 8, ""rz"": 16}",8,16,99,17,1,16,0.0016495409654453397,"{""barrier"": 2, ""cx"": 16, ""rz"": 56, ""swap"": 1, ""sx"": 24}",1.7777777777777777,1.0625,False,
scheduling_ops4_machines2_conf0.35_seed101,scheduling_toy,8,8,data/instances_rq1_extended/scheduling_ops4_machines2_conf0.35_seed101.json,1,0.7,0.3,heavy_hex_like,20,10,True,1,123,8,9,50,16,"{""barrier"": 2, ""cx"": 16, ""h"": 8, ""rx"": 8, ""rz"": 16}",8,20,100,18,2,16,0.001643249997869134,"{""barrier"": 2, ""cx"": 16, ""rz"": 56, ""swap"": 2, ""sx"": 24}",2.2222222222222223,1.125,False,
scheduling_ops4_machines2_conf0.35_seed101,scheduling_toy,8,8,data/instances_rq1_extended/scheduling_ops4_machines2_conf0.35_seed101.json,1,0.7,0.3,fully_connected,56,28,True,1,123,8,9,50,16,"{""barrier"": 2, ""cx"": 16, ""h"": 8, ""rx"": 8, ""rz"": 16}",8,15,98,16,0,16,0.00152449996676296,"{""barrier"": 2, ""cx"": 16, ""rz"": 56, ""sx"": 24}",1.6666666666666667,1.0,False,
scheduling_ops6_machines2_conf0.35_seed101,scheduling_toy,12,12,data/instances_rq1_extended/scheduling_ops6_machines2_conf0.35_seed101.json,1,0.7,0.3,line,22,11,True,1,123,12,12,74,24,"{""barrier"": 2, ""cx"": 24, ""h"": 12, ""rx"": 12, ""rz"": 24}",12,22,150,28,4,24,0.001780875027179718,"{""barrier"": 2, ""cx"": 24, ""rz"": 84, ""swap"": 4, ""sx"": 36}",1.8333333333333333,1.1666666666666667,False,
scheduling_ops6_machines2_conf0.35_seed101,scheduling_toy,12,12,data/instances_rq1_extended/scheduling_ops6_machines2_conf0.35_seed101.json,1,0.7,0.3,grid_2d,34,17,True,1,123,12,12,74,24,"{""barrier"": 2, ""cx"": 24, ""h"": 12, ""rx"": 12, ""rz"": 24}",12,18,146,24,0,24,0.001656375010497868,"{""barrier"": 2, ""cx"": 24, ""rz"": 84, ""sx"": 36}",1.5,1.0,False,
scheduling_ops6_machines2_conf0.35_seed101,scheduling_toy,12,12,data/instances_rq1_extended/scheduling_ops6_machines2_conf0.35_seed101.json,1,0.7,0.3,heavy_hex_like,34,17,True,1,123,12,12,74,24,"{""barrier"": 2, ""cx"": 24, ""h"": 12, ""rx"": 12, ""rz"": 24}",12,19,148,26,2,24,0.0019865420181304216,"{""barrier"": 2, ""cx"": 24, ""rz"": 84, ""swap"": 2, ""sx"": 36}",1.5833333333333333,1.0833333333333333,False,
scheduling_ops6_machines2_conf0.35_seed101,scheduling_toy,12,12,data/instances_rq1_extended/scheduling_ops6_machines2_conf0.35_seed101.json,1,0.7,0.3,fully_connected,132,66,True,1,123,12,12,74,24,"{""barrier"": 2, ""cx"": 24, ""h"": 12, ""rx"": 12, ""rz"": 24}",12,18,146,24,0,24,0.0019465840887278318,"{""barrier"": 2, ""cx"": 24, ""rz"": 84, ""sx"": 36}",1.5,1.0,False,
scheduling_ops8_machines2_conf0.35_seed101,scheduling_toy,16,20,data/instances_rq1_extended/scheduling_ops8_machines2_conf0.35_seed101.json,1,0.7,0.3,line,30,15,True,1,123,16,18,110,40,"{""barrier"": 2, ""cx"": 40, ""h"": 16, ""rx"": 16, ""rz"": 36}",16,29,218,52,12,40,0.0020373750012367964,"{""barrier"": 2, ""cx"": 40, ""rz"": 116, ""swap"": 12, ""sx"": 48}",1.6111111111111112,1.3,False,
scheduling_ops8_machines2_conf0.35_seed101,scheduling_toy,16,20,data/instances_rq1_extended/scheduling_ops8_machines2_conf0.35_seed101.json,1,0.7,0.3,grid_2d,48,24,True,1,123,16,18,110,40,"{""barrier"": 2, ""cx"": 40, ""h"": 16, ""rx"": 16, ""rz"": 36}",16,26,210,44,4,40,0.002212833962403238,"{""barrier"": 2, ""cx"": 40, ""rz"": 116, ""swap"": 4, ""sx"": 48}",1.4444444444444444,1.1,False,
scheduling_ops8_machines2_conf0.35_seed101,scheduling_toy,16,20,data/instances_rq1_extended/scheduling_ops8_machines2_conf0.35_seed101.json,1,0.7,0.3,heavy_hex_like,46,23,True,1,123,16,18,110,40,"{""barrier"": 2, ""cx"": 40, ""h"": 16, ""rx"": 16, ""rz"": 36}",16,40,213,47,7,40,0.0021708339918404818,"{""barrier"": 2, ""cx"": 40, ""rz"": 116, ""swap"": 7, ""sx"": 48}",2.2222222222222223,1.175,False,
scheduling_ops8_machines2_conf0.35_seed101,scheduling_toy,16,20,data/instances_rq1_extended/scheduling_ops8_machines2_conf0.35_seed101.json,1,0.7,0.3,fully_connected,240,120,True,1,123,16,18,110,40,"{""barrier"": 2, ""cx"": 40, ""h"": 16, ""rx"": 16, ""rz"": 36}",16,24,206,40,0,40,0.0025081250350922346,"{""barrier"": 2, ""cx"": 40, ""rz"": 116, ""sx"": 48}",1.3333333333333333,1.0,False,
scheduling_ops12_machines2_conf0.35_seed101,scheduling_toy,24,48,data/instances_rq1_extended/scheduling_ops12_machines2_conf0.35_seed101.json,1,0.7,0.3,line,46,23,True,1,123,24,27,218,96,"{""barrier"": 2, ""cx"": 96, ""h"": 24, ""rx"": 24, ""rz"": 72}",24,58,423,157,61,96,0.002615041099488735,"{""barrier"": 2, ""cx"": 96, ""rz"": 192, ""swap"": 61, ""sx"": 72}",2.1481481481481484,1.6354166666666667,False,
scheduling_ops12_machines2_conf0.35_seed101,scheduling_toy,24,48,data/instances_rq1_extended/scheduling_ops12_machines2_conf0.35_seed101.json,1,0.7,0.3,grid_2d,76,38,True,1,123,24,27,218,96,"{""barrier"": 2, ""cx"": 96, ""h"": 24, ""rx"": 24, ""rz"": 72}",24,48,387,121,25,96,0.0027145829517394304,"{""barrier"": 2, ""cx"": 96, ""rz"": 192, ""swap"": 25, ""sx"": 72}",1.7777777777777777,1.2604166666666667,False,
scheduling_ops12_machines2_conf0.35_seed101,scheduling_toy,24,48,data/instances_rq1_extended/scheduling_ops12_machines2_conf0.35_seed101.json,1,0.7,0.3,heavy_hex_like,72,36,True,1,123,24,27,218,96,"{""barrier"": 2, ""cx"": 96, ""h"": 24, ""rx"": 24, ""rz"": 72}",24,65,397,131,35,96,0.002715290989726782,"{""barrier"": 2, ""cx"": 96, ""rz"": 192, ""swap"": 35, ""sx"": 72}",2.4074074074074074,1.3645833333333333,False,
scheduling_ops12_machines2_conf0.35_seed101,scheduling_toy,24,48,data/instances_rq1_extended/scheduling_ops12_machines2_conf0.35_seed101.json,1,0.7,0.3,fully_connected,552,276,True,1,123,24,27,218,96,"{""barrier"": 2, ""cx"": 96, ""h"": 24, ""rx"": 24, ""rz"": 72}",24,33,362,96,0,96,0.004268415970727801,"{""barrier"": 2, ""cx"": 96, ""rz"": 192, ""sx"": 72}",1.2222222222222223,1.0,False,
scheduling_ops16_machines2_conf0.35_seed101,scheduling_toy,32,88,data/instances_rq1_extended/scheduling_ops16_machines2_conf0.35_seed101.json,1,0.7,0.3,line,62,31,True,1,123,32,51,362,176,"{""barrier"": 2, ""cx"": 176, ""h"": 32, ""rx"": 32, ""rz"": 120}",32,132,839,461,285,176,0.005713374936021864,"{""barrier"": 2, ""cx"": 176, ""rz"": 280, ""swap"": 285, ""sx"": 96}",2.588235294117647,2.6193181818181817,False,
scheduling_ops16_machines2_conf0.35_seed101,scheduling_toy,32,88,data/instances_rq1_extended/scheduling_ops16_machines2_conf0.35_seed101.json,1,0.7,0.3,grid_2d,104,52,True,1,123,32,51,362,176,"{""barrier"": 2, ""cx"": 176, ""h"": 32, ""rx"": 32, ""rz"": 120}",32,109,639,261,85,176,0.003841959056444466,"{""barrier"": 2, ""cx"": 176, ""rz"": 280, ""swap"": 85, ""sx"": 96}",2.1372549019607843,1.4829545454545454,False,
scheduling_ops16_machines2_conf0.35_seed101,scheduling_toy,32,88,data/instances_rq1_extended/scheduling_ops16_machines2_conf0.35_seed101.json,1,0.7,0.3,heavy_hex_like,96,48,True,1,123,32,51,362,176,"{""barrier"": 2, ""cx"": 176, ""h"": 32, ""rx"": 32, ""rz"": 120}",32,107,701,323,147,176,0.003997583058662713,"{""barrier"": 2, ""cx"": 176, ""rz"": 280, ""swap"": 147, ""sx"": 96}",2.0980392156862746,1.8352272727272727,False,
scheduling_ops16_machines2_conf0.35_seed101,scheduling_toy,32,88,data/instances_rq1_extended/scheduling_ops16_machines2_conf0.35_seed101.json,1,0.7,0.3,fully_connected,992,496,True,1,123,32,51,362,176,"{""barrier"": 2, ""cx"": 176, ""h"": 32, ""rx"": 32, ""rz"": 120}",32,57,554,176,0,176,0.006544542033225298,"{""barrier"": 2, ""cx"": 176, ""rz"": 280, ""sx"": 96}",1.1176470588235294,1.0,False,
scheduling_ops4_machines2_conf0.35_seed202,scheduling_toy,8,8,data/instances_rq1_extended/scheduling_ops4_machines2_conf0.35_seed202.json,1,0.7,0.3,line,14,7,True,1,123,8,12,50,16,"{""barrier"": 2, ""cx"": 16, ""h"": 8, ""rx"": 8, ""rz"": 16}",8,22,101,19,3,16,0.0018496249103918672,"{""barrier"": 2, ""cx"": 16, ""rz"": 56, ""swap"": 3, ""sx"": 24}",1.8333333333333333,1.1875,False,
scheduling_ops4_machines2_conf0.35_seed202,scheduling_toy,8,8,data/instances_rq1_extended/scheduling_ops4_machines2_conf0.35_seed202.json,1,0.7,0.3,grid_2d,20,10,True,1,123,8,12,50,16,"{""barrier"": 2, ""cx"": 16, ""h"": 8, ""rx"": 8, ""rz"": 16}",8,18,98,16,0,16,0.0015185419470071793,"{""barrier"": 2, ""cx"": 16, ""rz"": 56, ""sx"": 24}",1.5,1.0,False,
scheduling_ops4_machines2_conf0.35_seed202,scheduling_toy,8,8,data/instances_rq1_extended/scheduling_ops4_machines2_conf0.35_seed202.json,1,0.7,0.3,heavy_hex_like,20,10,True,1,123,8,12,50,16,"{""barrier"": 2, ""cx"": 16, ""h"": 8, ""rx"": 8, ""rz"": 16}",8,19,99,17,1,16,0.0017728330567479134,"{""barrier"": 2, ""cx"": 16, ""rz"": 56, ""swap"": 1, ""sx"": 24}",1.5833333333333333,1.0625,False,
scheduling_ops4_machines2_conf0.35_seed202,scheduling_toy,8,8,data/instances_rq1_extended/scheduling_ops4_machines2_conf0.35_seed202.json,1,0.7,0.3,fully_connected,56,28,True,1,123,8,12,50,16,"{""barrier"": 2, ""cx"": 16, ""h"": 8, ""rx"": 8, ""rz"": 16}",8,18,98,16,0,16,0.0016330420039594173,"{""barrier"": 2, ""cx"": 16, ""rz"": 56, ""sx"": 24}",1.5,1.0,False,
scheduling_ops6_machines2_conf0.35_seed202,scheduling_toy,12,16,data/instances_rq1_extended/scheduling_ops6_machines2_conf0.35_seed202.json,1,0.7,0.3,line,22,11,True,1,123,12,15,86,32,"{""barrier"": 2, ""cx"": 32, ""h"": 12, ""rx"": 12, ""rz"": 28}",12,26,169,43,11,32,0.001869875006377697,"{""barrier"": 2, ""cx"": 32, ""rz"": 88, ""swap"": 11, ""sx"": 36}",1.7333333333333334,1.34375,False,
scheduling_ops6_machines2_conf0.35_seed202,scheduling_toy,12,16,data/instances_rq1_extended/scheduling_ops6_machines2_conf0.35_seed202.json,1,0.7,0.3,grid_2d,34,17,True,1,123,12,15,86,32,"{""barrier"": 2, ""cx"": 32, ""h"": 12, ""rx"": 12, ""rz"": 28}",12,23,161,35,3,32,0.0019717919640243053,"{""barrier"": 2, ""cx"": 32, ""rz"": 88, ""swap"": 3, ""sx"": 36}",1.5333333333333334,1.09375,False,
scheduling_ops6_machines2_conf0.35_seed202,scheduling_toy,12,16,data/instances_rq1_extended/scheduling_ops6_machines2_conf0.35_seed202.json,1,0.7,0.3,heavy_hex_like,34,17,True,1,123,12,15,86,32,"{""barrier"": 2, ""cx"": 32, ""h"": 12, ""rx"": 12, ""rz"": 28}",12,27,164,38,6,32,0.0019181669922545552,"{""barrier"": 2, ""cx"": 32, ""rz"": 88, ""swap"": 6, ""sx"": 36}",1.8,1.1875,False,
scheduling_ops6_machines2_conf0.35_seed202,scheduling_toy,12,16,data/instances_rq1_extended/scheduling_ops6_machines2_conf0.35_seed202.json,1,0.7,0.3,fully_connected,132,66,True,1,123,12,15,86,32,"{""barrier"": 2, ""cx"": 32, ""h"": 12, ""rx"": 12, ""rz"": 28}",12,21,158,32,0,32,0.002067374996840954,"{""barrier"": 2, ""cx"": 32, ""rz"": 88, ""sx"": 36}",1.4,1.0,False,
scheduling_ops8_machines2_conf0.35_seed202,scheduling_toy,16,26,data/instances_rq1_extended/scheduling_ops8_machines2_conf0.35_seed202.json,1,0.7,0.3,line,30,15,True,1,123,16,21,128,52,"{""barrier"": 2, ""cx"": 52, ""h"": 16, ""rx"": 16, ""rz"": 42}",16,39,247,75,23,52,0.0021560420282185078,"{""barrier"": 2, ""cx"": 52, ""rz"": 122, ""swap"": 23, ""sx"": 48}",1.8571428571428572,1.4423076923076923,False,
scheduling_ops8_machines2_conf0.35_seed202,scheduling_toy,16,26,data/instances_rq1_extended/scheduling_ops8_machines2_conf0.35_seed202.json,1,0.7,0.3,grid_2d,48,24,True,1,123,16,21,128,52,"{""barrier"": 2, ""cx"": 52, ""h"": 16, ""rx"": 16, ""rz"": 42}",16,41,234,62,10,52,0.002285375026986003,"{""barrier"": 2, ""cx"": 52, ""rz"": 122, ""swap"": 10, ""sx"": 48}",1.9523809523809523,1.1923076923076923,False,
scheduling_ops8_machines2_conf0.35_seed202,scheduling_toy,16,26,data/instances_rq1_extended/scheduling_ops8_machines2_conf0.35_seed202.json,1,0.7,0.3,heavy_hex_like,46,23,True,1,123,16,21,128,52,"{""barrier"": 2, ""cx"": 52, ""h"": 16, ""rx"": 16, ""rz"": 42}",16,43,238,66,14,52,0.0021171249682083726,"{""barrier"": 2, ""cx"": 52, ""rz"": 122, ""swap"": 14, ""sx"": 48}",2.0476190476190474,1.2692307692307692,False,
scheduling_ops8_machines2_conf0.35_seed202,scheduling_toy,16,26,data/instances_rq1_extended/scheduling_ops8_machines2_conf0.35_seed202.json,1,0.7,0.3,fully_connected,240,120,True,1,123,16,21,128,52,"{""barrier"": 2, ""cx"": 52, ""h"": 16, ""rx"": 16, ""rz"": 42}",16,27,224,52,0,52,0.002664499916136265,"{""barrier"": 2, ""cx"": 52, ""rz"": 122, ""sx"": 48}",1.2857142857142858,1.0,False,
scheduling_ops12_machines2_conf0.35_seed202,scheduling_toy,24,64,data/instances_rq1_extended/scheduling_ops12_machines2_conf0.35_seed202.json,1,0.7,0.3,line,46,23,True,1,123,24,39,266,128,"{""barrier"": 2, ""cx"": 128, ""h"": 24, ""rx"": 24, ""rz"": 88}",24,102,571,289,161,128,0.003106792108155787,"{""barrier"": 2, ""cx"": 128, ""rz"": 208, ""swap"": 161, ""sx"": 72}",2.6153846153846154,2.2578125,False,
scheduling_ops12_machines2_conf0.35_seed202,scheduling_toy,24,64,data/instances_rq1_extended/scheduling_ops12_machines2_conf0.35_seed202.json,1,0.7,0.3,grid_2d,76,38,True,1,123,24,39,266,128,"{""barrier"": 2, ""cx"": 128, ""h"": 24, ""rx"": 24, ""rz"": 88}",24,81,463,181,53,128,0.00319070799741894,"{""barrier"": 2, ""cx"": 128, ""rz"": 208, ""swap"": 53, ""sx"": 72}",2.076923076923077,1.4140625,False,
scheduling_ops12_machines2_conf0.35_seed202,scheduling_toy,24,64,data/instances_rq1_extended/scheduling_ops12_machines2_conf0.35_seed202.json,1,0.7,0.3,heavy_hex_like,72,36,True,1,123,24,39,266,128,"{""barrier"": 2, ""cx"": 128, ""h"": 24, ""rx"": 24, ""rz"": 88}",24,113,489,207,79,128,0.0031162090599536896,"{""barrier"": 2, ""cx"": 128, ""rz"": 208, ""swap"": 79, ""sx"": 72}",2.8974358974358974,1.6171875,False,
scheduling_ops12_machines2_conf0.35_seed202,scheduling_toy,24,64,data/instances_rq1_extended/scheduling_ops12_machines2_conf0.35_seed202.json,1,0.7,0.3,fully_connected,552,276,True,1,123,24,39,266,128,"{""barrier"": 2, ""cx"": 128, ""h"": 24, ""rx"": 24, ""rz"": 88}",24,45,410,128,0,128,0.004311458091251552,"{""barrier"": 2, ""cx"": 128, ""rz"": 208, ""sx"": 72}",1.1538461538461537,1.0,False,
scheduling_ops16_machines2_conf0.35_seed202,scheduling_toy,32,104,data/instances_rq1_extended/scheduling_ops16_machines2_conf0.35_seed202.json,1,0.7,0.3,line,62,31,True,1,123,32,57,410,208,"{""barrier"": 2, ""cx"": 208, ""h"": 32, ""rx"": 32, ""rz"": 136}",32,146,967,573,365,208,0.004693459020927548,"{""barrier"": 2, ""cx"": 208, ""rz"": 296, ""swap"": 365, ""sx"": 96}",2.56140350877193,2.7548076923076925,False,
scheduling_ops16_machines2_conf0.35_seed202,scheduling_toy,32,104,data/instances_rq1_extended/scheduling_ops16_machines2_conf0.35_seed202.json,1,0.7,0.3,grid_2d,104,52,True,1,123,32,57,410,208,"{""barrier"": 2, ""cx"": 208, ""h"": 32, ""rx"": 32, ""rz"": 136}",32,145,704,310,102,208,0.004074875032529235,"{""barrier"": 2, ""cx"": 208, ""rz"": 296, ""swap"": 102, ""sx"": 96}",2.543859649122807,1.4903846153846154,False,
scheduling_ops16_machines2_conf0.35_seed202,scheduling_toy,32,104,data/instances_rq1_extended/scheduling_ops16_machines2_conf0.35_seed202.json,1,0.7,0.3,heavy_hex_like,96,48,True,1,123,32,57,410,208,"{""barrier"": 2, ""cx"": 208, ""h"": 32, ""rx"": 32, ""rz"": 136}",32,146,793,399,191,208,0.004623749991878867,"{""barrier"": 2, ""cx"": 208, ""rz"": 296, ""swap"": 191, ""sx"": 96}",2.56140350877193,1.9182692307692308,False,
scheduling_ops16_machines2_conf0.35_seed202,scheduling_toy,32,104,data/instances_rq1_extended/scheduling_ops16_machines2_conf0.35_seed202.json,1,0.7,0.3,fully_connected,992,496,True,1,123,32,57,410,208,"{""barrier"": 2, ""cx"": 208, ""h"": 32, ""rx"": 32, ""rz"": 136}",32,63,602,208,0,208,0.0068478339817374945,"{""barrier"": 2, ""cx"": 208, ""rz"": 296, ""sx"": 96}",1.105263157894737,1.0,False,
scheduling_ops4_machines2_conf0.35_seed303,scheduling_toy,8,10,data/instances_rq1_extended/scheduling_ops4_machines2_conf0.35_seed303.json,1,0.7,0.3,line,14,7,True,1,123,8,12,56,20,"{""barrier"": 2, ""cx"": 20, ""h"": 8, ""rx"": 8, ""rz"": 18}",8,22,109,25,5,20,0.0017942080739885569,"{""barrier"": 2, ""cx"": 20, ""rz"": 58, ""swap"": 5, ""sx"": 24}",1.8333333333333333,1.25,False,
scheduling_ops4_machines2_conf0.35_seed303,scheduling_toy,8,10,data/instances_rq1_extended/scheduling_ops4_machines2_conf0.35_seed303.json,1,0.7,0.3,grid_2d,20,10,True,1,123,8,12,56,20,"{""barrier"": 2, ""cx"": 20, ""h"": 8, ""rx"": 8, ""rz"": 18}",8,22,106,22,2,20,0.001832667039707303,"{""barrier"": 2, ""cx"": 20, ""rz"": 58, ""swap"": 2, ""sx"": 24}",1.8333333333333333,1.1,False,
scheduling_ops4_machines2_conf0.35_seed303,scheduling_toy,8,10,data/instances_rq1_extended/scheduling_ops4_machines2_conf0.35_seed303.json,1,0.7,0.3,heavy_hex_like,20,10,True,1,123,8,12,56,20,"{""barrier"": 2, ""cx"": 20, ""h"": 8, ""rx"": 8, ""rz"": 18}",8,24,107,23,3,20,0.0018014170927926898,"{""barrier"": 2, ""cx"": 20, ""rz"": 58, ""swap"": 3, ""sx"": 24}",2.0,1.15,False,
scheduling_ops4_machines2_conf0.35_seed303,scheduling_toy,8,10,data/instances_rq1_extended/scheduling_ops4_machines2_conf0.35_seed303.json,1,0.7,0.3,fully_connected,56,28,True,1,123,8,12,56,20,"{""barrier"": 2, ""cx"": 20, ""h"": 8, ""rx"": 8, ""rz"": 18}",8,18,104,20,0,20,0.0017781249480322003,"{""barrier"": 2, ""cx"": 20, ""rz"": 58, ""sx"": 24}",1.5,1.0,False,
scheduling_ops6_machines2_conf0.35_seed303,scheduling_toy,12,22,data/instances_rq1_extended/scheduling_ops6_machines2_conf0.35_seed303.json,1,0.7,0.3,line,22,11,True,1,123,12,24,104,44,"{""barrier"": 2, ""cx"": 44, ""h"": 12, ""rx"": 12, ""rz"": 34}",12,42,196,64,20,44,0.0020693750120699406,"{""barrier"": 2, ""cx"": 44, ""rz"": 94, ""swap"": 20, ""sx"": 36}",1.75,1.4545454545454546,False,
scheduling_ops6_machines2_conf0.35_seed303,scheduling_toy,12,22,data/instances_rq1_extended/scheduling_ops6_machines2_conf0.35_seed303.json,1,0.7,0.3,grid_2d,34,17,True,1,123,12,24,104,44,"{""barrier"": 2, ""cx"": 44, ""h"": 12, ""rx"": 12, ""rz"": 34}",12,35,183,51,7,44,0.0020033330656588078,"{""barrier"": 2, ""cx"": 44, ""rz"": 94, ""swap"": 7, ""sx"": 36}",1.4583333333333333,1.1590909090909092,False,
scheduling_ops6_machines2_conf0.35_seed303,scheduling_toy,12,22,data/instances_rq1_extended/scheduling_ops6_machines2_conf0.35_seed303.json,1,0.7,0.3,heavy_hex_like,34,17,True,1,123,12,24,104,44,"{""barrier"": 2, ""cx"": 44, ""h"": 12, ""rx"": 12, ""rz"": 34}",12,45,188,56,12,44,0.0021620829356834292,"{""barrier"": 2, ""cx"": 44, ""rz"": 94, ""swap"": 12, ""sx"": 36}",1.875,1.2727272727272727,False,
scheduling_ops6_machines2_conf0.35_seed303,scheduling_toy,12,22,data/instances_rq1_extended/scheduling_ops6_machines2_conf0.35_seed303.json,1,0.7,0.3,fully_connected,132,66,True,1,123,12,24,104,44,"{""barrier"": 2, ""cx"": 44, ""h"": 12, ""rx"": 12, ""rz"": 34}",12,30,176,44,0,44,0.002080500009469688,"{""barrier"": 2, ""cx"": 44, ""rz"": 94, ""sx"": 36}",1.25,1.0,False,
scheduling_ops8_machines2_conf0.35_seed303,scheduling_toy,16,32,data/instances_rq1_extended/scheduling_ops8_machines2_conf0.35_seed303.json,1,0.7,0.3,line,30,15,True,1,123,16,30,146,64,"{""barrier"": 2, ""cx"": 64, ""h"": 16, ""rx"": 16, ""rz"": 48}",16,66,284,106,42,64,0.0022117079934105277,"{""barrier"": 2, ""cx"": 64, ""rz"": 128, ""swap"": 42, ""sx"": 48}",2.2,1.65625,False,
scheduling_ops8_machines2_conf0.35_seed303,scheduling_toy,16,32,data/instances_rq1_extended/scheduling_ops8_machines2_conf0.35_seed303.json,1,0.7,0.3,grid_2d,48,24,True,1,123,16,30,146,64,"{""barrier"": 2, ""cx"": 64, ""h"": 16, ""rx"": 16, ""rz"": 48}",16,50,261,83,19,64,0.0022319169947877526,"{""barrier"": 2, ""cx"": 64, ""rz"": 128, ""swap"": 19, ""sx"": 48}",1.6666666666666667,1.296875,False,
scheduling_ops8_machines2_conf0.35_seed303,scheduling_toy,16,32,data/instances_rq1_extended/scheduling_ops8_machines2_conf0.35_seed303.json,1,0.7,0.3,heavy_hex_like,46,23,True,1,123,16,30,146,64,"{""barrier"": 2, ""cx"": 64, ""h"": 16, ""rx"": 16, ""rz"": 48}",16,79,266,88,24,64,0.0021909159841015935,"{""barrier"": 2, ""cx"": 64, ""rz"": 128, ""swap"": 24, ""sx"": 48}",2.6333333333333333,1.375,False,
scheduling_ops8_machines2_conf0.35_seed303,scheduling_toy,16,32,data/instances_rq1_extended/scheduling_ops8_machines2_conf0.35_seed303.json,1,0.7,0.3,fully_connected,240,120,True,1,123,16,30,146,64,"{""barrier"": 2, ""cx"": 64, ""h"": 16, ""rx"": 16, ""rz"": 48}",16,36,242,64,0,64,0.0026650000363588333,"{""barrier"": 2, ""cx"": 64, ""rz"": 128, ""sx"": 48}",1.2,1.0,False,
scheduling_ops12_machines2_conf0.35_seed303,scheduling_toy,24,60,data/instances_rq1_extended/scheduling_ops12_machines2_conf0.35_seed303.json,1,0.7,0.3,line,46,23,True,1,123,24,39,254,120,"{""barrier"": 2, ""cx"": 120, ""h"": 24, ""rx"": 24, ""rz"": 84}",24,81,508,230,110,120,0.002896707970649004,"{""barrier"": 2, ""cx"": 120, ""rz"": 204, ""swap"": 110, ""sx"": 72}",2.076923076923077,1.9166666666666667,False,
scheduling_ops12_machines2_conf0.35_seed303,scheduling_toy,24,60,data/instances_rq1_extended/scheduling_ops12_machines2_conf0.35_seed303.json,1,0.7,0.3,grid_2d,76,38,True,1,123,24,39,254,120,"{""barrier"": 2, ""cx"": 120, ""h"": 24, ""rx"": 24, ""rz"": 84}",24,75,442,164,44,120,0.0030153340194374323,"{""barrier"": 2, ""cx"": 120, ""rz"": 204, ""swap"": 44, ""sx"": 72}",1.9230769230769231,1.3666666666666667,False,
scheduling_ops12_machines2_conf0.35_seed303,scheduling_toy,24,60,data/instances_rq1_extended/scheduling_ops12_machines2_conf0.35_seed303.json,1,0.7,0.3,heavy_hex_like,72,36,True,1,123,24,39,254,120,"{""barrier"": 2, ""cx"": 120, ""h"": 24, ""rx"": 24, ""rz"": 84}",24,115,461,183,63,120,0.003105499898083508,"{""barrier"": 2, ""cx"": 120, ""rz"": 204, ""swap"": 63, ""sx"": 72}",2.948717948717949,1.525,False,
scheduling_ops12_machines2_conf0.35_seed303,scheduling_toy,24,60,data/instances_rq1_extended/scheduling_ops12_machines2_conf0.35_seed303.json,1,0.7,0.3,fully_connected,552,276,True,1,123,24,39,254,120,"{""barrier"": 2, ""cx"": 120, ""h"": 24, ""rx"": 24, ""rz"": 84}",24,45,398,120,0,120,0.004468041006475687,"{""barrier"": 2, ""cx"": 120, ""rz"": 204, ""sx"": 72}",1.1538461538461537,1.0,False,
scheduling_ops16_machines2_conf0.35_seed303,scheduling_toy,32,96,data/instances_rq1_extended/scheduling_ops16_machines2_conf0.35_seed303.json,1,0.7,0.3,line,62,31,True,1,123,32,57,386,192,"{""barrier"": 2, ""cx"": 192, ""h"": 32, ""rx"": 32, ""rz"": 128}",32,170,932,546,354,192,0.004336874932050705,"{""barrier"": 2, ""cx"": 192, ""rz"": 288, ""swap"": 354, ""sx"": 96}",2.982456140350877,2.84375,False,
scheduling_ops16_machines2_conf0.35_seed303,scheduling_toy,32,96,data/instances_rq1_extended/scheduling_ops16_machines2_conf0.35_seed303.json,1,0.7,0.3,grid_2d,104,52,True,1,123,32,57,386,192,"{""barrier"": 2, ""cx"": 192, ""h"": 32, ""rx"": 32, ""rz"": 128}",32,172,690,304,112,192,0.0037642919924110174,"{""barrier"": 2, ""cx"": 192, ""rz"": 288, ""swap"": 112, ""sx"": 96}",3.017543859649123,1.5833333333333333,False,
scheduling_ops16_machines2_conf0.35_seed303,scheduling_toy,32,96,data/instances_rq1_extended/scheduling_ops16_machines2_conf0.35_seed303.json,1,0.7,0.3,heavy_hex_like,96,48,True,1,123,32,57,386,192,"{""barrier"": 2, ""cx"": 192, ""h"": 32, ""rx"": 32, ""rz"": 128}",32,191,749,363,171,192,0.0040484999772161245,"{""barrier"": 2, ""cx"": 192, ""rz"": 288, ""swap"": 171, ""sx"": 96}",3.3508771929824563,1.890625,False,
scheduling_ops16_machines2_conf0.35_seed303,scheduling_toy,32,96,data/instances_rq1_extended/scheduling_ops16_machines2_conf0.35_seed303.json,1,0.7,0.3,fully_connected,992,496,True,1,123,32,57,386,192,"{""barrier"": 2, ""cx"": 192, ""h"": 32, ""rx"": 32, ""rz"": 128}",32,63,578,192,0,192,0.006615041987970471,"{""barrier"": 2, ""cx"": 192, ""rz"": 288, ""sx"": 96}",1.105263157894737,1.0,False,
